Sex,rs12103_A,rs6667605_C,rs3766606_G,rs6426833_A,rs12568930_T,rs11209026_G,rs2651244_G,rs17391694_C,rs6679677_C,rs2641348_A,rs4845604_G,rs670523_A,rs4656958_G,rs1801274_A,rs7517810_T,rs2488389_A,rs2816958_G,rs7554511_C,rs3024505_A,rs13407913_G,rs1260326_T,rs925255_C,rs10495903_T,rs7608910_G,rs10865331_A,rs6740462_A,rs6708413_G,rs2111485_A,rs1517352_C,rs1440088_T,rs17229285_C,rs2382817_A,rs6716753_C,rs12994997_A,rs3749171_T,rs4256159_T,rs3197999_A,rs9847710_C,rs7438704_G,rs2457996_T,rs13126505_A,rs3774937_A,rs7657746_A,rs11739663_T,rs2930047_C,rs11742570_C,rs10065637_C,rs10061469_T,rs7702331_A,rs1363907_A,rs10051722_A,rs2188962_T,rs254560_A,rs6863411_T,rs11741861_G,rs6871626_A,rs17695092_T,rs4976646_A,rs17119_A,rs9358372_G,rs9264942_C,rs477515_G,rs6927022_A,rs1847472_C,rs7746082_C,rs3851228_T,rs2503322_G,rs13204742_T,rs6920220_A,rs12199775_A,rs212388_C,rs1819333_T,rs1182188_T,rs10486483_A,rs4722672_C,rs864745_T,rs1456896_T,rs9297145_C,rs1734907_A,rs4380874_T,rs38904_T,rs4728142_A,rs7015630_T,rs921720_G,rs6651252_T,rs13277237_G,rs10758669_C,rs4743820_T,rs4246905_C,rs10781499_A,rs12722515_C,rs1042058_C,rs11010067_G,rs2790216_G,rs10761659_G,rs2227551_T,rs1250546_A,rs7097656_C,rs12778642_T,rs4409764_T,rs907611_A,rs11229555_G,rs11230563_C,rs174537_T,rs559928_C,rs568617_T,rs2155219_T,rs2226628_A,rs483905_A,rs561722_C,rs566416_T,rs11054935_G,rs11564258_A,rs11168249_C,rs7134599_A,rs17085007_C,rs941823_C,rs3764147_G,rs3742130_G,rs194749_C,rs1569328_C,rs8005161_T,rs16967103_C,rs28374715_A,rs17293632_T,rs7495132_C,rs529866_C,rs7404095_C,rs26528_C,rs11150589_T,rs1728785_C,rs2361755_G,rs2945412_A,rs3091315_A,rs12946510_T,rs12942547_A,rs1292053_G,rs17780256_A,rs1893217_G,rs7240004_A,rs727088_G,rs2024092_A,rs11879191_G,rs17694108_A,rs4802307_G,rs11083840_G,rs516246_T,rs4243971_G,rs6087990_C,rs6088765_G,rs6017342_C,rs6074022_C,rs1569723_C,rs913678_T,rs259964_A,rs6062504_G,rs2823286_G,rs2284553_G,rs2836878_G,rs7282490_G,rs2266959_T,rs5763767_A,rs2413583_C,rs2066844_A,rs5743277_A,rs104895467_G,rs2066845_G,rs5743293_G,Imaging: Activity,Imaging: Fistula,Imaging: Stricture,Imaging: Abscess,Imaging: Lumen narrowing,Imaging: Small bowel disease,Imaging: Colon disease,Imaging: Multiple segments
Male,XX,CC,GG,XA,XX,GG,XG,CC,CC,XA,XG,XA,XG,AA,XT,XA,XG,XC,XX,XG,XT,XX,XX,GG,XA,XX,XG,XA,XX,TT,XC,AA,XC,XA,XX,XX,XX,XC,GG,TT,XX,XX,,TT,XC,XC,XX,TT,,XX,AA,XT,AA,XT,XX,XX,XT,XA,AA,XG,XX,XG,,CC,XX,XX,GG,XT,XX,AA,XC,XT,XT,XA,XC,XT,XT,XX,,XT,XT,XA,XT,GG,TT,XG,CC,TT,CC,XA,CC,XX,XG,GG,XG,XT,XA,CC,TT,XT,XA,GG,XX,XT,XC,XX,TT,XA,XX,XC,TT,XX,XA,XC,XA,CC,CC,XX,GG,XX,CC,XX,XC,AA,XX,CC,CC,XX,XX,XT,XC,GG,XX,AA,XT,XA,XX,AA,XX,AA,XG,XX,XG,XA,GG,XX,XT,XG,XX,XX,XC,XX,XX,XT,XA,GG,GG,XG,GG,XX,XX,XX,XC,XX,,XX,XX,XG,1,0,0,0,0,1,0,0
Female,XX,CC,GG,AA,XX,GG,GG,CC,CC,AA,GG,XX,XG,AA,XX,XX,GG,CC,XA,XG,XT,XC,XX,XG,XA,AA,XX,XA,CC,XT,XC,XX,CC,XX,XX,XT,XX,XC,GG,TT,XX,AA,,TT,XC,CC,CC,TT,,,XA,XT,AA,TT,XX,AA,XX,AA,XA,XG,XC,GG,,XC,XC,XX,XX,XX,XA,AA,CC,XT,XT,XA,CC,XT,TT,XX,,XX,XT,XA,TT,XG,TT,XG,XC,XT,CC,XA,CC,CC,XG,XX,XX,XT,AA,CC,XT,TT,XX,XX,XC,XX,CC,XX,TT,XA,XA,XC,TT,XX,XX,XC,XA,XX,XC,XG,GG,XX,CC,XX,XX,AA,XT,CC,CC,XX,XC,TT,XC,GG,XX,AA,XX,XA,XX,AA,XX,XA,XG,XX,XG,AA,GG,XX,TT,XG,XX,XX,CC,XX,XC,XX,XX,XG,XG,GG,XG,XG,XX,AA,XC,XA,,XX,XX,XX,1,0,0,1,1,1,0,0
Female,XX,CC,GG,XX,TT,GG,XG,CC,CC,AA,GG,XA,XG,AA,XT,XA,GG,XC,XX,GG,TT,XX,XT,GG,XX,XA,XX,XX,XC,TT,XC,XX,XC,XA,XX,XT,XX,CC,XX,TT,XA,AA,,XX,XC,CC,CC,TT,,XX,XA,XT,XX,TT,XX,XA,TT,AA,AA,XG,XC,GG,,XC,XC,XX,XX,XX,XA,AA,CC,XX,TT,AA,XX,TT,TT,XX,,TT,XX,AA,TT,GG,TT,XG,XC,XT,CC,AA,CC,XC,XX,XX,GG,TT,AA,CC,TT,XX,XX,GG,XC,XT,CC,XX,XT,AA,XA,XC,TT,XX,XX,XX,AA,XX,CC,XX,GG,XC,XX,XX,XC,XA,XX,CC,CC,CC,XC,XX,CC,GG,XA,XA,TT,AA,XG,AA,XX,XX,XG,XX,GG,AA,XG,XG,XT,XG,XC,XX,XC,XC,CC,TT,XX,XX,XG,XX,XG,XG,XX,XA,XC,XX,,XX,XX,XX,1,0,0,0,1,1,0,0
Male,XA,XX,GG,XA,TT,GG,GG,XC,CC,AA,XG,XA,XX,XX,XT,XX,GG,CC,XX,XX,XT,XC,XX,XG,XA,XX,XG,AA,CC,XT,XC,AA,CC,AA,XX,XT,AA,CC,XX,TT,XX,AA,,XT,XC,XC,CC,TT,,XA,AA,XT,XX,TT,XX,XA,TT,XA,AA,GG,XC,XX,,CC,XX,XX,GG,XX,XX,AA,XC,XT,TT,XX,XC,XT,TT,XX,,XT,TT,AA,TT,GG,TT,XX,XX,XT,CC,XA,CC,CC,XX,GG,XG,TT,XX,CC,XX,XT,XA,GG,XC,XT,CC,XX,XT,XA,XA,XC,TT,XG,XX,XC,XA,XX,CC,XG,GG,XC,CC,XX,XC,AA,XT,CC,CC,CC,CC,XT,CC,GG,XX,XA,XT,AA,XX,AA,XG,XA,XG,XX,GG,XX,XX,XG,XX,GG,XC,GG,XX,XC,XC,XT,XX,XG,GG,GG,XG,XG,XX,XA,XC,XX,,XX,XX,XX,1,0,1,1,1,1,0,0
Male,XX,XC,GG,XA,TT,GG,XG,CC,XC,AA,GG,AA,GG,XA,XX,XA,XG,XC,XX,GG,XX,XC,TT,XX,AA,AA,XG,XX,CC,TT,XC,XA,XX,XA,XX,XX,AA,XX,GG,TT,XX,AA,,TT,CC,CC,CC,XT,,XA,AA,XT,XX,XT,XX,XA,XX,XA,XA,XG,CC,XG,,XC,XC,XX,XG,XX,XX,AA,XC,XT,XT,XX,XX,XT,TT,XC,,XT,XT,XA,XT,GG,XT,XG,XX,XT,XC,XA,CC,CC,XG,XG,XG,XT,AA,CC,XT,TT,XX,GG,XC,XT,CC,XT,TT,XX,AA,XX,TT,XG,XX,XX,XA,XX,CC,XG,GG,XX,XC,TT,XX,AA,XX,CC,CC,XC,XC,XX,CC,GG,XA,AA,XT,XA,XG,AA,XX,XA,GG,XX,GG,XX,GG,XX,XT,XX,XC,XX,CC,XX,XC,TT,XX,GG,GG,XX,GG,XG,XX,XX,CC,XX,,XX,XX,XG,1,0,0,1,0,1,0,0
Female,XX,CC,GG,XA,XT,GG,XG,CC,CC,XX,GG,XX,XG,XX,XX,XX,GG,XC,XX,XG,XT,XC,XX,XG,XA,AA,XG,XA,XX,TT,CC,XX,XC,AA,XX,XX,XA,XC,XG,TT,XX,XA,,TT,CC,CC,CC,XT,,XA,AA,XT,AA,TT,XX,XX,TT,AA,XA,XX,XC,GG,,XC,XC,XX,XX,XX,XA,AA,XC,XT,XT,XA,XX,XT,TT,XX,,XT,XT,AA,TT,XX,TT,XX,XC,XX,CC,XX,XC,XX,XG,GG,XG,XT,XA,CC,XX,TT,XX,GG,XX,TT,CC,XX,XX,XA,XA,CC,XT,XX,XX,XX,XX,CC,XC,XG,GG,XC,CC,TT,XX,AA,XX,XC,CC,CC,XC,XT,XC,GG,AA,AA,TT,AA,XG,AA,XX,XA,XG,XA,GG,XA,GG,XX,XT,GG,CC,GG,XC,XX,XC,XT,AA,GG,GG,GG,GG,XG,XX,XA,XC,XX,,XX,XG,XX,0,0,0,0,1,1,1,0
Female,XX,XC,XX,XA,XT,GG,GG,CC,CC,AA,GG,XA,GG,XA,XT,XX,GG,CC,XX,XX,XX,XC,XX,XG,XX,AA,XG,AA,CC,XT,XC,XX,XX,XA,XX,XX,XA,XX,XG,TT,XX,XA,,TT,XC,CC,CC,XT,,XA,XA,XT,XA,XT,XX,XA,XX,AA,AA,XG,XC,GG,,XC,XC,XX,XG,XX,XX,AA,CC,XX,TT,XX,XX,XT,TT,XC,,XT,XX,XX,XT,GG,TT,XG,XX,XT,XC,XA,CC,CC,XG,GG,XG,TT,XX,XC,XX,XX,XA,GG,XC,XX,CC,XX,XT,XA,XA,CC,XT,XX,XX,XC,XA,XX,CC,XX,GG,XX,XC,XX,XC,AA,XX,CC,CC,CC,XC,XT,XX,GG,XA,XA,TT,XA,XX,AA,XX,XA,XG,XX,XG,XX,GG,GG,XT,GG,XC,XG,CC,XX,XC,XT,XA,XG,GG,XX,XG,XG,XT,XX,CC,XX,,XX,XX,XX,1,0,1,0,1,1,0,0
Female,XX,XC,XG,XA,XT,GG,XG,CC,CC,AA,GG,XA,GG,XX,XX,XA,GG,CC,XA,XX,XT,XC,XX,GG,XX,XA,XX,XA,CC,XT,XC,XA,XX,AA,XT,XX,XX,CC,GG,TT,XX,XA,,TT,XC,XX,XC,XT,,AA,XA,XT,AA,XT,XX,AA,,XA,AA,XX,XC,XG,,XC,XX,XX,XX,XT,XX,AA,XX,XX,TT,XA,XX,TT,TT,XX,,XT,XT,AA,XT,XG,TT,XX,XX,XT,XC,AA,CC,XC,GG,XG,XG,TT,XA,CC,XX,TT,XA,GG,CC,XX,CC,XX,TT,XA,XA,CC,TT,XG,XX,XX,XX,XX,XC,XX,GG,XX,XC,XX,XC,AA,XT,CC,CC,CC,XC,XT,XC,GG,XA,AA,XT,AA,XX,AA,XX,XA,XG,XX,GG,XX,GG,XG,XT,XX,XX,XG,XX,XX,,XX,XA,XG,GG,XG,GG,XX,XT,XA,XC,XX,,XX,XX,XX,0,0,1,0,1,1,1,0
Male,XX,XC,XG,XA,TT,GG,GG,CC,CC,AA,XG,XX,XG,XA,XX,XA,GG,CC,AA,GG,XX,CC,XX,GG,XA,XA,GG,XA,XC,TT,XX,XX,XC,XA,XX,XX,XA,XC,XG,TT,XX,XA,,TT,XX,XC,CC,TT,,XA,AA,XT,XX,XX,XX,XX,XX,XA,XA,XG,XC,XX,,CC,XC,XX,XG,XX,XA,AA,CC,XX,TT,XX,XX,XT,XT,XX,,XX,XX,AA,XT,XG,XT,XX,XC,TT,CC,XA,XC,CC,XG,XX,XG,TT,AA,XX,TT,XX,XA,GG,XC,XT,CC,XX,XT,XA,XX,CC,XT,XX,XX,XC,XX,XC,CC,XG,GG,XX,CC,XX,XC,AA,XX,XC,CC,XX,XC,XT,CC,XG,XX,XA,XT,XA,XG,AA,XX,AA,GG,XX,GG,XX,XG,XX,XT,XG,XC,GG,CC,XC,XX,XT,XA,GG,GG,GG,XG,XG,XX,XA,XC,XA,,XX,XX,XX,1,1,0,0,0,0,0,1
Female,XX,CC,GG,XA,TT,GG,GG,CC,CC,AA,GG,XA,XG,AA,XX,XA,GG,XC,XX,GG,XT,CC,XX,XG,XX,AA,XG,XX,XC,TT,XC,XX,XC,XA,XT,XX,XX,XX,XG,XX,XX,AA,,TT,XC,XC,CC,XT,,AA,XA,XT,XA,XT,XX,XX,TT,XA,AA,XG,XX,GG,,XC,XX,XX,XG,XX,XX,AA,XC,XT,TT,XA,XX,XT,XT,XX,,XX,XT,AA,XT,XX,TT,GG,XC,TT,CC,XA,XC,XC,XG,XG,GG,XT,AA,XC,XX,TT,XX,GG,XX,XT,CC,XX,XT,XX,XA,XX,TT,XX,XX,XC,XX,XX,CC,XG,XG,XX,CC,XX,XX,AA,XT,CC,XC,XC,CC,XT,XC,GG,XA,XX,XX,AA,GG,AA,XG,XA,XX,XX,XG,XA,GG,GG,XT,XG,XX,XG,XC,XX,XX,XT,AA,XG,GG,GG,XG,XG,XX,XX,CC,XA,,XX,XX,XG,1,0,0,0,0,1,1,0
Male,XX,XC,XX,XA,TT,GG,XG,CC,CC,AA,XG,XX,XG,XX,XX,XX,XG,XC,XX,XG,XX,XC,XX,XG,XX,AA,XG,AA,XX,XT,CC,XX,XC,AA,TT,TT,XA,XC,XG,TT,XX,AA,,TT,XX,CC,XC,XT,,XA,AA,XX,XX,XT,XX,XA,XT,XA,AA,XX,XX,GG,,XC,XX,XX,GG,XX,XX,AA,XC,XT,XT,XA,XX,TT,TT,XC,,TT,TT,XA,TT,XG,TT,XX,XC,XT,XC,AA,CC,XX,XG,XG,XG,XX,AA,CC,XX,XT,XX,GG,XC,XX,XC,XX,TT,XX,XX,XX,TT,XX,XX,XX,XX,XX,XC,XX,XG,XX,XC,XX,XC,XA,XT,CC,XC,CC,XC,XX,CC,GG,XX,AA,XT,XA,XG,AA,XX,AA,XG,XA,XG,XX,GG,XG,TT,XG,XX,GG,CC,XX,XC,XT,XA,XG,GG,XX,GG,XX,XX,XA,XC,XX,,XX,XX,XX,1,0,0,0,1,1,0,1
Female,XX,XC,GG,AA,TT,GG,XG,CC,CC,AA,GG,AA,XG,AA,XX,XX,GG,XC,XA,XX,TT,CC,XX,XX,XX,AA,XG,XA,XC,TT,XX,AA,XX,XX,XX,XX,XX,CC,XG,TT,XX,XA,,TT,XC,XC,CC,TT,,XA,XA,XT,XX,XT,XX,AA,TT,XX,AA,XG,CC,XG,,XC,XC,XX,XG,XX,XX,AA,XC,XT,TT,AA,XX,TT,XT,XX,,XT,XX,XA,XT,GG,TT,GG,XC,TT,CC,XA,CC,CC,XG,GG,XG,TT,AA,CC,XX,XT,,XG,CC,XT,CC,XX,XT,AA,XA,CC,TT,XX,XX,XC,XX,XX,XC,XX,GG,XX,CC,XT,XX,XA,XX,CC,CC,XC,CC,XT,XC,XG,XA,XA,XX,AA,XX,XA,XG,AA,XG,XA,GG,XX,GG,GG,XT,XG,CC,XG,XC,CC,XC,XX,XX,XG,GG,XG,GG,XX,XX,XX,XC,XX,,XX,XG,XX,0,0,0,0,1,1,1,1
Female,XX,CC,GG,AA,XX,GG,GG,CC,CC,AA,XG,XA,GG,XX,XX,XA,GG,CC,XA,XG,TT,XC,XX,XG,AA,XX,XG,AA,CC,TT,CC,XX,XX,XA,XX,XX,XX,XC,GG,TT,XX,XA,,XT,XC,XX,CC,XX,,XA,AA,XT,AA,TT,XG,XA,TT,XA,AA,XX,XX,XG,,CC,XX,XX,XG,XX,XX,AA,XC,XT,TT,AA,XX,TT,XX,XX,,XX,XX,XA,XT,GG,TT,XG,CC,XT,CC,XA,CC,XC,XX,GG,XG,TT,XA,CC,XT,TT,XX,GG,XC,XT,CC,XX,TT,XA,XX,CC,TT,XG,XX,CC,XX,XX,XC,XX,GG,XX,XC,XX,XX,AA,XT,XC,CC,XC,XC,XT,XC,XG,XX,XX,TT,AA,XG,XA,XG,XA,XG,XA,GG,XX,XG,XX,TT,XG,XC,XX,CC,XC,XX,XT,XA,XX,GG,XG,XG,XX,XX,AA,CC,XA,,XX,XX,XX,1,0,0,0,1,0,1,0
Female,XA,CC,GG,XA,TT,GG,XX,CC,CC,AA,GG,XX,GG,XX,XX,XA,GG,CC,XX,XX,XX,XX,XT,GG,AA,AA,XX,XX,XC,XX,CC,XA,XX,AA,XX,XX,AA,CC,GG,TT,XA,AA,,TT,XC,CC,CC,TT,,XA,XA,XX,AA,XT,XX,XX,XT,XA,AA,XX,XX,XG,,XC,XX,XX,XG,XX,XX,AA,CC,XT,TT,XA,XX,XT,XT,XX,,XX,XT,XA,XT,GG,TT,XX,XC,XT,XC,XA,CC,XC,XG,GG,XG,TT,AA,XC,XT,XX,AA,XG,XX,XT,CC,XT,TT,XX,XX,XC,TT,XX,XX,XC,AA,XC,CC,XX,GG,XC,XC,XX,XC,AA,XX,CC,CC,CC,XC,XT,CC,GG,XA,AA,XT,XX,XX,AA,XX,XA,XX,XA,GG,XA,GG,XG,TT,XG,XX,XX,XX,XX,XX,XT,XX,XG,GG,XG,XG,XG,XT,XA,CC,XA,,XX,XX,XX,1,0,0,0,1,1,0,0
Male,AA,CC,GG,XA,TT,GG,XG,CC,CC,AA,GG,XA,GG,XA,TT,XA,GG,CC,XX,XG,XT,CC,XX,XX,XX,XA,XX,XA,XX,TT,CC,XX,XX,XA,XX,XX,XA,XX,XG,TT,XX,XA,,XT,CC,XC,CC,TT,,,AA,XX,XX,XT,XX,XA,TT,AA,AA,XX,CC,,,CC,XX,XT,XG,XX,XA,AA,XC,XX,TT,XX,XX,XT,XT,XX,,XT,XT,AA,TT,XG,TT,GG,XC,TT,XC,XA,CC,XC,GG,XG,XG,XT,XA,CC,XT,TT,XX,GG,CC,XT,CC,XX,XT,XA,XX,CC,XX,XG,XX,XX,XA,XC,XC,XX,XG,CC,CC,XT,XC,XA,XX,XC,CC,XC,XC,XX,CC,XG,AA,AA,XT,XX,XG,AA,XX,XA,GG,XX,GG,XA,GG,XG,XT,XG,XX,XX,XC,XX,XC,TT,XX,GG,XG,GG,XG,XG,XT,XX,CC,XX,,XX,XX,XX,1,1,0,0,1,1,0,0
Female,XX,XC,GG,XX,TT,GG,GG,XC,CC,AA,GG,XX,GG,AA,XX,XX,XG,XC,XA,GG,XT,XX,XX,XG,XA,AA,XX,XA,CC,TT,CC,XA,XX,AA,XX,XX,XX,XC,GG,TT,XX,XX,,XT,XC,CC,XC,TT,,XX,AA,XT,XA,TT,XX,XA,XX,AA,XA,XG,XX,GG,,XC,XC,XX,XX,XT,XX,AA,XC,XX,XT,XA,XX,XT,TT,CC,,TT,TT,XA,TT,XG,TT,XG,XC,XT,CC,XA,CC,XC,XG,GG,XX,TT,AA,CC,TT,XT,,GG,XC,XX,CC,XX,TT,XA,XX,XC,TT,XX,XA,XC,XA,XC,CC,XG,GG,XX,XC,XX,XC,XA,TT,CC,XX,XX,CC,TT,CC,GG,AA,XA,XX,XA,GG,AA,XG,AA,GG,XA,XG,AA,GG,XX,XT,XG,CC,GG,CC,CC,XC,XT,XX,XG,GG,XX,GG,XX,XX,XX,CC,XX,,XX,XX,XX,1,0,0,0,0,1,1,0
Male,XA,CC,GG,XA,TT,GG,XG,CC,CC,AA,XG,XX,GG,XX,XX,XX,GG,CC,AA,XG,XT,XC,XT,XG,XX,XA,XX,XA,CC,TT,XC,AA,XX,XA,XX,XX,XA,XX,GG,TT,XX,AA,,TT,XX,XX,CC,TT,,XX,XA,XX,AA,XT,XX,XX,,AA,XA,XG,XC,GG,,XC,XC,XT,GG,XX,XA,AA,XC,XT,TT,XA,XX,TT,TT,XX,,XT,XT,AA,TT,GG,TT,XX,XC,TT,CC,XA,CC,XC,XG,GG,XX,TT,AA,CC,XT,XT,XA,GG,CC,TT,XC,XT,XT,XA,XA,CC,TT,XX,XX,CC,XX,XC,CC,XG,XG,CC,XC,XX,XC,XA,XX,XC,XC,XC,XX,TT,XC,GG,XA,AA,XT,AA,XG,AA,XX,XX,XG,XX,XG,XA,GG,XG,XT,XG,CC,GG,XC,XX,XX,TT,XX,XG,GG,XG,XG,XX,XT,XX,CC,XX,,XX,XX,XX,1,1,0,0,0,0,0,0
Female,XX,XC,GG,AA,TT,GG,XG,CC,CC,AA,GG,XX,GG,XA,XT,XA,GG,CC,XX,GG,XT,XC,XX,XX,AA,AA,XG,XA,XC,TT,XX,XX,CC,XX,XT,XX,AA,XC,XG,TT,XA,AA,,TT,XC,CC,CC,XT,,XA,XA,XT,XX,XT,XX,XX,XT,XA,XA,XG,XX,XG,,XX,XX,XX,GG,XX,XX,AA,CC,TT,XT,XA,XX,XT,TT,XX,,XX,XX,AA,TT,GG,TT,XG,XC,TT,CC,XA,XC,XC,XX,XX,GG,TT,XX,CC,XT,XX,AA,XG,CC,XT,XC,XX,TT,XX,XX,CC,TT,XX,XX,XX,XX,CC,CC,XX,GG,XC,CC,XX,XX,AA,TT,CC,XC,XC,XC,TT,XC,GG,XA,AA,TT,XA,GG,AA,XX,XA,XX,AA,GG,XA,XG,XG,TT,XG,XC,XG,CC,XC,XC,XT,XA,XG,GG,GG,GG,XG,XX,XA,CC,XX,,XX,XX,XX,0,1,1,0,0,0,1,0
Female,XX,XX,XG,AA,TT,GG,XG,CC,CC,AA,GG,XA,GG,XX,XX,XA,GG,XC,XA,XX,TT,CC,XT,XX,XA,AA,XX,XX,CC,XT,CC,AA,XC,XA,XX,XT,XX,XC,GG,TT,XA,XX,,TT,XC,CC,CC,XT,,XA,AA,XT,XA,XT,XX,XX,,XA,AA,XG,XC,XG,,CC,XX,XX,XX,XX,XX,AA,CC,TT,TT,XA,XX,XT,XT,XC,,TT,TT,XX,XT,XX,TT,XX,XC,XT,XC,XA,XC,XC,XX,GG,XG,TT,XX,CC,XT,TT,XX,GG,XX,XT,CC,XX,XT,XA,XA,XC,TT,XX,XX,XX,XX,XX,CC,XX,XG,XX,CC,XX,XC,AA,XT,CC,CC,XC,XX,TT,XC,GG,AA,AA,TT,XA,XX,AA,XX,AA,XG,XA,GG,XX,XG,XG,TT,XG,XX,XG,XX,XX,XC,XX,XA,XG,GG,GG,XG,XX,XT,XA,CC,XX,,XX,XX,XX,1,0,0,1,1,0,0,0
Female,XX,XC,XG,XA,TT,GG,GG,CC,CC,XA,GG,XA,XG,XX,XX,XX,GG,CC,XX,GG,XT,XC,XX,XX,XA,AA,XX,XX,XX,XT,CC,XA,XC,AA,XT,XX,XA,XC,XG,TT,XX,XA,,XT,XC,XC,XC,TT,,AA,AA,XT,XX,TT,XX,AA,TT,AA,AA,XG,XX,GG,,CC,XX,XX,GG,XX,XA,AA,CC,XT,XT,XA,XX,XX,XT,XC,,XT,XT,XX,XT,XX,TT,XG,XC,XT,CC,XX,CC,XC,XX,GG,XG,TT,AA,CC,XT,XX,XX,XG,XC,XT,XC,XX,TT,XA,XA,XX,XT,XG,XX,XC,XX,XX,XC,GG,GG,XC,CC,XX,XC,XA,XX,CC,CC,XC,XC,XT,CC,GG,AA,AA,XX,XA,XX,AA,XG,XA,XG,XX,XG,XX,GG,XX,XX,GG,XC,GG,XC,XC,XX,XT,XX,GG,GG,GG,XG,XG,XT,XX,CC,XX,,XX,XX,XX,1,0,1,0,1,1,0,0
Female,XX,CC,XG,XA,TT,GG,XG,XC,CC,XX,GG,XA,GG,AA,XT,XA,GG,XC,XX,XG,XT,CC,XX,GG,XX,AA,XG,AA,XC,TT,XC,XX,XC,XA,XX,TT,AA,XC,GG,TT,XX,AA,,TT,CC,XX,XC,XT,,AA,AA,XT,XX,TT,XX,XX,TT,XA,AA,XG,XX,GG,,CC,XC,XX,XG,XX,XX,AA,XX,XX,TT,XX,XX,XT,TT,XC,,XX,XT,AA,TT,XG,TT,XX,XX,XT,CC,XA,XC,CC,XX,GG,XG,XT,XA,XC,XT,TT,XX,GG,XC,XT,CC,XX,XT,XX,AA,XX,TT,XX,XX,CC,XX,XC,CC,XG,XG,XX,CC,XX,XX,AA,XT,CC,CC,XC,XC,XX,XC,GG,AA,XA,XX,XA,XX,AA,XX,AA,XX,XA,GG,,XG,XG,XX,GG,CC,XX,XC,XX,XC,TT,AA,XG,XG,GG,XG,XG,XX,XA,CC,XX,,XX,XX,XX,1,0,0,0,0,0,1,0
Female,XX,CC,GG,AA,TT,GG,XG,CC,CC,AA,GG,AA,XG,XX,XX,XA,GG,CC,XX,XX,XT,XC,XX,XX,XX,XA,XG,XX,XX,TT,XX,XX,XX,XA,XX,XT,XA,XC,XG,TT,XX,AA,,XT,XX,CC,CC,XX,,XX,XA,XT,XX,TT,XG,XA,XT,AA,XA,XX,XC,XG,,CC,XC,XX,XG,XX,XX,AA,XC,XT,XT,XA,XX,XT,TT,CC,,XX,XX,XA,XT,XG,TT,XG,XX,TT,CC,XA,CC,CC,XG,GG,GG,TT,AA,CC,XT,XT,XA,XG,CC,XT,XC,XX,TT,XA,XX,CC,XT,XG,XX,XX,XA,XC,CC,XG,GG,XC,XC,XT,XX,AA,XX,CC,CC,CC,XX,XX,CC,GG,XA,AA,TT,AA,XG,AA,XG,XX,XG,XA,GG,,GG,XG,TT,XG,XC,XX,XX,XC,XC,XX,AA,XG,GG,XG,GG,XG,XT,AA,XC,XX,,XX,XX,XX,0,0,0,0,0,1,0,0
Male,XX,CC,XX,AA,TT,GG,XG,CC,CC,AA,GG,XA,XX,AA,XX,XA,GG,XC,XX,XX,XX,XC,XT,XG,XA,XX,XX,XX,XX,XT,CC,XA,XX,AA,XX,XX,XA,XX,GG,TT,XA,XA,,TT,CC,CC,XC,TT,,XX,AA,XT,AA,TT,XX,AA,XT,XA,XA,XG,XC,XG,,XC,XX,XX,XG,XX,XX,AA,XC,XX,TT,XX,XX,XT,TT,XX,,TT,XX,AA,XT,XG,TT,XX,XX,XT,XC,XA,CC,XX,XX,GG,XG,XT,XA,XC,XT,XX,XX,XG,CC,XT,CC,XT,TT,XA,XX,CC,TT,XG,XX,XC,XA,XX,XC,XX,XG,XX,XC,XX,XC,XA,XT,XC,XX,CC,XC,TT,CC,GG,XA,AA,XT,XA,GG,AA,XG,AA,XG,XA,GG,XA,XX,GG,XT,XG,XC,XG,CC,XX,XX,TT,XX,GG,XG,XX,XG,GG,XX,AA,CC,XA,,XX,XX,XX,1,1,0,0,0,0,0,1
Male,XA,XC,XG,XA,TT,GG,XG,CC,XC,AA,XG,AA,GG,XX,XT,XA,XG,CC,XX,XX,XX,CC,XX,XX,XX,AA,XX,XA,XC,TT,CC,AA,XX,AA,XT,XX,XA,XC,XG,XT,XX,AA,,TT,XX,XC,XC,TT,,XA,XA,XT,XA,XT,XX,XA,XT,XA,AA,XG,XX,GG,,XC,XC,XX,GG,XX,XX,AA,CC,XT,TT,AA,XX,XT,TT,XC,,XX,XT,XA,TT,GG,TT,XX,XC,XT,XC,XA,CC,XC,GG,GG,XG,TT,AA,CC,XX,XX,,GG,CC,XX,CC,XX,XT,XA,XA,XC,XT,XG,XX,XC,XX,XC,CC,XG,GG,XC,CC,XX,XX,AA,XX,CC,CC,XX,XX,XT,CC,GG,XA,AA,TT,AA,XX,AA,XG,XX,XG,XX,GG,XX,GG,XX,XT,XG,XC,XG,CC,XX,XC,XT,XA,GG,GG,GG,XG,XX,XX,XX,XC,XX,,XX,XX,XX,0,0,0,0,1,0,0,0
Male,AA,XC,GG,XA,XT,GG,XG,CC,CC,AA,GG,XA,XG,AA,XT,XA,GG,XC,XX,XX,XT,CC,XX,XG,XX,AA,XX,XA,CC,TT,CC,AA,XC,XA,XT,XX,XX,CC,GG,TT,XX,AA,,TT,XC,XC,CC,TT,,XX,AA,XT,AA,XX,XX,XX,XT,XX,XA,XG,XX,XG,,CC,CC,XT,XX,XX,XX,AA,XC,XT,XT,XX,CC,XT,XT,XC,,XT,XX,AA,XT,XG,TT,XX,XC,XT,CC,XA,CC,XX,XG,GG,GG,TT,AA,CC,XX,XX,XX,GG,XC,XT,CC,XT,XT,XA,XX,XC,TT,XG,XX,XX,XA,XC,CC,XX,GG,XC,XX,XX,XX,AA,XT,CC,XC,CC,XC,XX,XC,GG,XA,XA,XT,XX,GG,AA,XG,AA,XG,XX,GG,XX,GG,XG,XT,XG,CC,GG,XC,XX,CC,XT,XA,XG,GG,GG,XG,XX,TT,XX,XC,XX,,XX,XX,XX,1,0,0,0,1,0,1,0
Female,XX,XC,GG,XA,TT,GG,GG,CC,CC,AA,GG,XA,GG,XX,XX,XX,GG,XC,XA,XG,XT,CC,XX,XG,XA,AA,XG,XA,CC,XT,CC,XA,XC,XA,XX,XT,XA,XC,XG,TT,XX,AA,,TT,XC,CC,CC,TT,,XX,AA,XT,XA,TT,XX,XX,TT,XX,AA,XG,XX,XG,,XC,XC,XX,XX,XX,XX,AA,XC,TT,TT,XX,XX,TT,XX,XX,,XX,TT,XX,TT,XX,XT,XG,XC,TT,CC,XA,CC,CC,XG,GG,XG,XT,XA,CC,XT,XX,XA,GG,XC,XT,CC,XX,TT,XX,XA,CC,XT,XX,XX,XX,XX,XC,CC,XG,XG,XX,CC,XX,XC,XA,TT,CC,XC,CC,CC,TT,XC,GG,AA,AA,XX,AA,XG,AA,XX,AA,XG,XX,GG,XX,XG,GG,XT,XX,XC,GG,XX,XX,XC,XT,XA,GG,GG,GG,XG,GG,XX,XA,CC,XX,,XX,XG,XG,0,0,1,0,1,1,0,0
Female,XX,XC,GG,AA,TT,GG,GG,CC,CC,AA,GG,XA,GG,XX,XT,XA,GG,CC,XA,XG,XX,CC,XX,XX,XX,AA,XX,XA,XC,TT,XC,XA,XX,AA,TT,XT,AA,XX,GG,TT,XX,AA,,TT,XC,XC,CC,XX,,XA,AA,XT,XX,TT,XG,XX,TT,XA,AA,XG,XX,GG,,CC,XC,XX,XG,XX,XA,AA,XX,XT,TT,AA,XX,XT,TT,XX,,TT,XT,XA,TT,XX,TT,XG,XC,XT,CC,XA,CC,CC,XG,XX,GG,XT,AA,CC,XT,TT,XX,GG,XC,TT,XC,XT,TT,XX,XX,CC,XT,XG,XX,XX,XA,XX,CC,XG,GG,XC,CC,XX,XX,XA,XT,CC,CC,XC,XX,TT,XC,GG,XA,AA,TT,XA,XG,AA,XX,XX,XX,XA,GG,XX,GG,XG,XX,XG,XX,XX,XX,XX,XX,XT,XA,XG,GG,XG,XG,XG,XX,AA,CC,XX,,XX,XX,XX,1,0,1,0,1,1,0,0
Female,XX,CC,XG,XX,TT,GG,XG,CC,CC,AA,GG,XA,XG,AA,TT,XA,GG,CC,XA,XG,XX,XC,XT,XG,XA,AA,XX,XX,XC,TT,XC,XA,XX,XA,XX,XX,XA,CC,GG,TT,XX,AA,,XT,XC,CC,CC,TT,,XA,XA,XT,XA,TT,XX,XX,TT,AA,XA,XG,XC,XG,,XC,XX,XX,XG,XX,XX,AA,CC,XT,TT,XX,XX,XT,XT,XX,,XX,TT,XX,TT,XG,TT,XG,XC,TT,CC,XX,CC,XC,XG,XG,GG,TT,AA,CC,XT,TT,XA,GG,CC,XT,CC,XX,TT,XA,XX,XC,TT,XG,XX,XC,XX,XX,CC,XG,XX,XX,CC,XX,XC,XA,XX,CC,CC,CC,XC,TT,XC,GG,XA,XA,XT,XA,XG,AA,XG,XA,XG,XX,GG,XX,XG,GG,TT,GG,CC,XX,XC,CC,XC,TT,XA,GG,GG,XG,XG,XX,XT,XX,CC,XX,,XX,XX,XX,0,1,1,0,1,1,0,0
Male,XA,XC,GG,AA,TT,GG,XG,CC,CC,AA,XG,AA,XX,XA,XX,XA,XG,CC,XA,XG,XT,CC,XX,XX,XA,AA,XG,XA,CC,TT,XC,XA,XX,XX,XT,XX,XX,XC,GG,TT,XX,AA,,XT,XC,XC,CC,TT,,XA,XX,TT,XX,XT,XX,AA,TT,XA,AA,XX,XC,XX,,XC,XC,XX,XX,XX,XX,AA,XC,XX,XX,XX,XX,XT,TT,XX,,TT,XX,XX,TT,XG,XT,XG,CC,TT,XC,XA,XC,XC,XG,GG,XG,TT,AA,CC,XT,TT,XX,GG,XC,XT,CC,XX,XT,XA,XA,XC,TT,XG,XX,CC,XX,XC,CC,XX,XG,XX,XC,XX,XX,AA,XT,CC,CC,XC,CC,XX,CC,GG,XA,AA,TT,AA,XX,AA,XX,XA,XG,XA,GG,AA,XG,XG,XT,GG,XX,XX,XX,XC,XX,XT,XA,XG,XG,XG,GG,XX,XX,AA,CC,XX,,,XX,XX,1,0,0,0,1,1,0,0
Female,XX,CC,GG,XA,XT,GG,XG,CC,CC,AA,GG,XX,XG,XA,XX,XA,GG,XC,XX,XG,XT,XX,XX,GG,XA,AA,XG,XA,XX,XT,XC,XX,XX,AA,XX,XX,XX,XX,GG,TT,XX,AA,,TT,XC,XC,CC,TT,,XA,XA,TT,AA,TT,XX,XA,XT,XA,AA,XX,XC,XG,,XC,XX,XT,XG,XX,XA,AA,CC,XT,XT,XA,XX,TT,XX,XX,,TT,XX,XA,TT,GG,TT,XX,XC,TT,CC,AA,CC,XC,XG,XX,XG,XT,AA,XC,XX,XT,XX,GG,CC,XX,XC,XT,TT,XA,XA,CC,TT,XX,XX,XC,XX,XX,XC,XX,XG,CC,CC,XX,XX,AA,XT,CC,XC,XX,XC,TT,XX,GG,AA,XA,XT,XA,XG,AA,XG,AA,XG,XX,XG,AA,GG,XG,TT,XG,CC,GG,XC,XX,XC,TT,XX,GG,GG,GG,XG,XG,XT,XX,CC,XX,,XX,XG,XX,1,0,0,0,1,1,0,0
Female,XA,XX,GG,XA,XT,GG,XG,CC,CC,XA,GG,XA,GG,XA,XX,XA,XG,XC,XX,GG,XX,XC,XX,XX,XX,XA,XG,XA,XC,TT,XX,AA,XX,AA,XX,XT,XA,XC,XG,TT,XX,AA,,XX,XX,CC,CC,TT,,XA,AA,XX,XA,XX,XX,XA,TT,AA,AA,XG,CC,GG,,XC,CC,XX,XG,XX,XA,AA,XC,XT,XT,XX,XC,XT,XT,XX,,XT,XX,XX,XT,XG,TT,XX,XC,XT,XC,XX,CC,XX,XG,XX,XG,TT,AA,CC,TT,XT,XA,GG,CC,TT,CC,XX,XX,XA,XX,CC,XT,XX,XX,XC,XA,XC,CC,XX,GG,XX,CC,XT,XC,XA,XX,CC,CC,XC,CC,XX,CC,GG,XA,XA,TT,XA,XX,AA,XX,XX,XX,XX,GG,XA,GG,XX,XT,GG,CC,XG,XC,XC,XC,XT,AA,GG,XG,XG,XG,XG,XX,XA,CC,XX,,XX,XX,XG,1,1,1,1,1,1,0,0
Male,XA,XX,GG,XA,TT,GG,GG,CC,CC,XA,GG,XX,XG,XA,XX,XX,GG,CC,XX,XX,XT,CC,,XX,XX,AA,XX,XA,XC,,XC,XX,XX,AA,XT,XX,XX,XX,GG,TT,XX,AA,,TT,CC,CC,CC,XT,,XX,XX,XT,XA,XT,XX,AA,,XX,AA,XX,XC,GG,,XC,XX,XX,XX,XT,XX,AA,XC,XT,XT,XX,XX,XT,TT,XC,,XT,TT,XA,TT,GG,TT,XX,CC,XT,CC,XX,CC,XC,XG,XG,XG,TT,XA,XC,XT,XX,AA,XG,CC,XX,CC,XT,XT,XA,XX,XC,XT,XG,XX,XC,XA,XX,CC,XX,GG,XX,CC,XX,XX,AA,XX,CC,CC,XX,XC,XX,CC,GG,XA,XA,TT,XA,XX,AA,XX,XA,XG,XA,GG,AA,XG,XX,XT,XG,CC,GG,XX,XX,XX,TT,XA,XG,GG,GG,GG,XG,XX,XA,CC,XX,,XX,XG,XG,1,1,0,0,1,0,0,0
Female,XX,CC,GG,AA,TT,GG,XG,CC,CC,AA,GG,AA,GG,XX,XX,XX,GG,CC,XX,XG,XT,CC,XX,XX,XX,AA,XX,XA,XC,TT,XX,XX,XC,AA,XX,XX,XX,XC,XG,TT,XX,AA,,TT,XC,CC,XC,TT,,AA,AA,XT,XA,TT,XG,XX,TT,AA,XA,XX,XX,GG,,XC,XX,XX,XG,XX,XA,AA,XX,TT,TT,XX,XC,XT,TT,XX,,XT,XT,AA,TT,GG,TT,XG,XX,TT,CC,XX,XC,XC,XG,GG,XG,XT,AA,CC,XX,XT,AA,GG,XX,XX,XC,XX,TT,XA,XA,CC,TT,XG,XX,XC,AA,XC,CC,XX,XG,XX,CC,XX,XC,XA,XX,CC,XC,CC,XC,XT,CC,GG,XA,XX,TT,XA,GG,AA,XX,XA,GG,XX,XG,XX,XG,GG,XT,XG,XC,XG,XC,XC,XX,XT,XA,XG,GG,GG,GG,XX,XX,AA,CC,XX,,XX,XX,XG,0,0,0,0,0,1,0,0
Female,XX,XC,GG,XA,XX,GG,GG,CC,CC,XA,GG,XX,XX,XA,XX,XX,GG,CC,XX,XX,XT,XC,XX,GG,AA,XA,XX,XA,CC,TT,XC,XA,XC,XA,XT,XT,AA,XX,XG,TT,XX,AA,,TT,XC,XC,CC,TT,,XX,XA,XX,XA,XT,XX,XA,XX,XA,AA,XG,CC,GG,,CC,XC,XX,GG,XX,XX,AA,XX,XX,TT,XX,XX,TT,XT,XX,,XX,TT,XA,TT,GG,TT,GG,XC,XT,XC,XX,XC,CC,XG,GG,XG,TT,AA,CC,XT,TT,XX,XG,XX,XX,CC,XT,XX,XA,XX,XC,TT,XX,XX,XX,XA,XC,CC,XX,XX,XX,XC,XX,XX,AA,XT,CC,CC,XX,XX,XT,XC,GG,XA,XA,XX,XA,XX,AA,GG,XA,GG,XA,GG,AA,GG,GG,XT,XX,XX,XG,XC,XC,,XT,XA,XG,XG,GG,GG,XG,XX,XA,XC,XX,,XX,XX,XX,0,1,1,0,1,0,0,0
Female,XA,CC,GG,XX,XX,GG,XG,CC,CC,XA,GG,XX,GG,XA,XT,XX,XG,CC,XX,XG,XX,CC,XX,GG,XX,XA,XG,XA,CC,XT,XX,XX,XX,XX,XT,XX,XX,XC,XX,TT,XA,AA,,XT,XX,CC,CC,TT,,,XX,XX,XA,XT,XX,XA,TT,AA,XA,XX,XC,XX,,XC,XX,XX,GG,XT,XX,AA,XC,XT,TT,XA,XX,TT,XX,XC,,XX,XT,XA,TT,GG,TT,XG,XX,TT,XC,XA,XC,CC,XX,GG,GG,XT,XA,CC,TT,XT,XA,GG,CC,XX,CC,XX,XT,XA,XX,XC,XT,XG,XX,CC,XA,XX,CC,GG,GG,XX,CC,XX,XX,XA,XT,CC,CC,XC,XC,TT,CC,GG,AA,AA,TT,AA,XG,AA,XX,XX,XG,XA,GG,XA,GG,GG,TT,GG,XC,XG,CC,XX,XC,XX,AA,XG,GG,GG,GG,XG,XT,AA,CC,XX,,XX,XX,XX,0,0,0,0,0,0,0,0
Male,XX,XX,GG,AA,XT,GG,XG,CC,CC,AA,GG,XA,GG,XX,XX,XX,GG,XC,XX,GG,XT,XX,XX,GG,XA,XA,XG,XA,XC,XT,CC,XA,CC,XA,XX,XT,XA,XX,GG,TT,XX,AA,,XT,XC,XC,XC,TT,,,AA,XT,XX,TT,XX,XA,TT,AA,AA,GG,XC,XG,,XC,XC,XX,XG,XX,XX,AA,CC,XT,XT,AA,XC,XX,XT,XC,,XT,TT,XX,TT,XG,TT,GG,XC,XT,CC,XA,CC,XC,GG,GG,XG,TT,XA,XC,TT,XT,,GG,XC,XX,CC,XT,XT,XA,XA,CC,TT,XG,XX,XX,XA,XX,CC,XG,XG,XX,CC,XX,XX,XA,XX,CC,CC,XC,XX,XX,CC,GG,XA,AA,XT,XA,GG,AA,XX,XA,XX,XX,GG,XX,XG,XG,XT,XX,XX,XG,CC,XC,XX,XX,XA,XG,XG,GG,GG,XX,XX,AA,CC,XX,,XX,XX,XX,1,0,1,0,1,1,0,0
Female,XX,CC,GG,XA,TT,GG,XG,CC,CC,AA,GG,XA,XG,AA,XT,XX,GG,XC,XA,GG,XT,XC,XX,XG,AA,XA,XG,AA,CC,TT,XX,XA,XX,XA,XT,XX,XX,XX,GG,XT,XX,XA,,XT,XC,XC,CC,XT,,AA,XX,XT,XX,TT,XG,AA,,AA,AA,XG,CC,GG,,CC,XX,XT,GG,XX,XA,AA,CC,XX,TT,XX,XX,XX,TT,XC,,XX,XX,XA,TT,GG,TT,XG,XX,TT,XC,XA,CC,XC,XG,XX,GG,XT,AA,CC,XX,XT,XX,GG,CC,TT,CC,XX,TT,XA,XA,XC,TT,XX,XX,XC,XA,XX,CC,XG,GG,XC,XC,XX,XX,AA,XX,CC,XC,XX,XC,TT,XC,GG,XA,XX,XX,AA,XX,AA,XX,AA,XG,XX,GG,XX,XG,XG,XX,XG,XX,XX,CC,XC,CC,XX,XA,XG,GG,GG,GG,XG,XX,XA,CC,XX,,XX,XX,XX,1,0,0,0,1,0,0,0
Female,XX,CC,GG,XA,TT,GG,XG,XC,CC,XA,GG,XX,GG,AA,XX,XA,GG,XC,XX,XX,XT,CC,XX,XG,XX,XX,XX,XA,CC,TT,XC,AA,XX,XX,XT,XT,XX,XC,XG,TT,XX,AA,,TT,XC,CC,CC,XT,,XA,AA,XX,XX,TT,XX,XX,,XA,AA,XG,XX,GG,,XC,XX,XX,XG,XX,XX,AA,XC,TT,TT,XX,XC,TT,TT,CC,,XX,TT,XA,TT,GG,XT,XX,XC,XT,XC,XX,XC,CC,XG,GG,XX,TT,XA,XC,TT,TT,XX,GG,CC,TT,CC,XX,TT,XA,XA,CC,TT,XG,XX,XC,XA,XX,CC,XX,GG,XX,CC,XT,XX,XA,XX,CC,CC,CC,XC,XX,XC,GG,AA,AA,TT,AA,XG,AA,XG,XA,XG,XX,GG,AA,GG,XG,XT,XX,XX,GG,CC,XX,XX,XT,XX,XG,GG,GG,GG,XX,XX,XA,XC,XX,,XX,XX,XX,1,0,0,0,0,1,0,1
Male,XA,XC,GG,XA,TT,GG,XG,CC,CC,AA,GG,XA,XX,AA,XX,XX,GG,CC,XX,XX,XX,CC,XT,XX,XA,XA,XX,XA,XC,XT,XX,XA,XX,AA,XT,TT,XX,XX,XX,XT,XX,XX,,TT,XC,XC,CC,TT,,XX,XA,XT,XA,XT,XG,XA,TT,XX,AA,XG,XX,,,XX,XC,XX,XG,XX,XA,AA,CC,XX,TT,,XX,XT,TT,XC,,XX,XX,XA,TT,GG,TT,GG,XX,XX,CC,AA,XC,XX,XG,GG,XG,XT,AA,CC,TT,XT,XX,GG,XC,XX,XC,XX,XX,XX,XA,XC,XT,XX,XA,XX,XA,XC,CC,XG,XG,XC,CC,XX,XX,AA,TT,CC,XC,XC,XC,XT,CC,GG,XA,XX,TT,AA,XG,AA,XG,XA,XG,XA,GG,XA,XG,XX,TT,GG,XC,XG,XC,XC,XX,XX,XX,XG,XG,XX,GG,GG,XX,AA,CC,XX,,,XX,XX,1,1,1,0,1,1,0,0
Female,AA,XC,GG,XA,TT,GG,XG,CC,CC,AA,GG,AA,XG,XA,XT,XX,GG,XX,XA,GG,XT,CC,XX,XG,XX,AA,XX,XA,XX,XT,XC,AA,CC,XA,XX,XX,XX,XC,XG,XT,XX,AA,,TT,XC,XC,CC,TT,,,XA,XT,XX,TT,XX,XA,TT,XX,AA,XX,XC,XX,,XC,XX,XX,XG,XX,XA,AA,CC,XT,TT,XX,XX,XT,TT,XX,,TT,XX,XA,XT,GG,TT,XG,XC,XT,XC,XA,CC,XC,XG,GG,XG,XT,AA,CC,XT,TT,XX,GG,CC,XT,CC,XX,XT,XA,XX,XC,TT,XX,XX,XC,XA,XX,CC,XX,XG,XX,CC,XX,XC,XA,XX,CC,XC,CC,XC,TT,CC,GG,XA,XA,TT,XA,GG,AA,XG,AA,XG,XA,GG,XA,GG,XX,XT,XG,CC,XG,CC,XX,XX,TT,XA,XG,GG,XG,GG,XG,XX,AA,CC,XX,,XX,XX,XX,1,1,0,1,0,1,1,0
Female,XX,CC,GG,AA,TT,GG,XG,CC,CC,AA,GG,XX,XG,XA,XX,XX,GG,XC,XX,XG,TT,XC,XX,XX,XX,AA,XG,XA,XC,XT,XX,XA,CC,AA,XX,TT,XA,CC,XG,TT,XX,XA,,TT,XX,CC,CC,TT,,AA,XA,TT,AA,TT,XG,XX,TT,XX,AA,XX,XX,XG,,XC,XX,XX,GG,XT,XX,AA,XX,XX,TT,XX,XC,TT,XT,XX,,TT,XT,XX,XT,GG,TT,XG,XC,TT,XC,XA,CC,XX,XG,GG,GG,TT,AA,CC,XX,XT,XA,GG,XC,XT,XC,XX,XX,XA,XX,XC,TT,GG,XX,XC,XA,XX,CC,XG,GG,XX,CC,XX,XX,XX,TT,XX,XC,XC,XX,XT,XC,GG,XA,AA,TT,XA,XX,AA,XG,AA,GG,XX,GG,AA,GG,XX,XT,GG,XC,XX,CC,CC,,XX,XX,GG,GG,GG,GG,XG,XX,XA,XC,XX,,XX,XX,XX,0,1,1,1,1,0,0,0
Female,XX,XX,XG,XA,TT,GG,XG,CC,CC,AA,XG,XX,XX,XA,XT,XX,GG,CC,XX,XX,XT,XC,XX,XG,XA,AA,XX,XA,XX,TT,XC,AA,XC,AA,XT,XX,XA,XC,XG,TT,XX,AA,,TT,XC,CC,CC,TT,,XX,XX,XT,XA,XT,XX,XA,TT,XA,AA,XG,CC,GG,,CC,XC,XX,XX,XX,XA,AA,XX,XX,XT,XX,XX,XT,TT,XC,,TT,TT,AA,XT,GG,TT,XX,XC,TT,CC,XA,CC,CC,GG,XG,GG,XT,AA,CC,TT,XX,XX,GG,XC,XT,CC,XX,XT,XA,XA,XC,XT,XG,XX,XX,XX,XC,CC,XG,GG,XX,CC,XX,XC,XA,XT,CC,CC,XC,XC,TT,XC,GG,XA,XA,XT,AA,XX,AA,XX,XA,XX,AA,XG,XA,XG,XG,XX,XG,CC,XG,XC,XX,XX,XT,XA,GG,XX,XG,XG,XG,XX,XX,XC,XX,,XX,XX,XX,1,1,0,1,1,1,0,0
Male,XX,CC,GG,AA,TT,GG,GG,CC,CC,AA,GG,XX,GG,AA,TT,XX,GG,CC,XX,XG,XT,CC,XX,XG,XA,AA,XX,AA,XX,TT,XC,XX,XX,XA,XT,XX,XX,XC,XX,TT,XA,XA,,XX,XC,XC,CC,XT,,XA,XA,XT,XA,XT,XX,XA,TT,XA,AA,XG,XX,GG,,XC,XC,XX,XX,XX,XX,AA,CC,XT,XT,AA,XX,XT,TT,CC,,XT,XX,XA,TT,XG,TT,XG,XC,XT,CC,XA,CC,CC,GG,GG,GG,TT,XA,CC,XT,XX,XA,GG,XC,TT,XC,XX,TT,XA,XA,CC,TT,XG,XX,XX,XX,XX,XC,XX,GG,XX,XC,XX,XX,XA,XT,CC,XC,XC,XC,XX,XC,GG,AA,AA,XT,AA,XG,AA,XG,XX,XG,XX,XG,AA,XG,XG,XT,XG,CC,XX,CC,XX,XX,XX,XA,GG,XG,GG,GG,XX,XT,XA,CC,XA,,XX,XX,XX,1,1,0,0,0,1,0,0
Female,XX,XX,GG,XX,TT,GG,XG,CC,CC,AA,GG,XA,GG,XA,XT,XA,GG,CC,XX,GG,XT,CC,XX,XG,XX,AA,XG,AA,CC,TT,XX,XA,XX,AA,XX,XX,XA,XC,GG,TT,XX,XA,,TT,CC,CC,CC,TT,,XA,XA,XX,AA,XT,XX,XA,TT,AA,XA,XG,XX,XG,,CC,XC,XX,XG,XX,XX,AA,CC,TT,XT,XX,XX,XT,XX,XX,,XX,TT,XA,TT,GG,TT,XX,XX,TT,XC,XA,CC,XC,XG,XG,GG,TT,XA,XC,XT,XT,XA,XX,CC,XX,XC,XX,XT,XA,XA,CC,TT,XX,XX,XX,XX,XX,CC,XG,XX,XC,CC,XX,XC,XA,XX,XC,CC,CC,CC,TT,CC,GG,XX,AA,XT,XA,XG,AA,XG,XX,XG,XX,XG,XA,XG,XX,XT,XG,CC,XX,XC,XC,XC,XT,XA,GG,XG,XG,GG,XX,XX,XX,CC,XX,,XX,XX,XX,0,1,1,0,1,1,0,0
Female,XX,CC,GG,XA,TT,GG,XG,CC,CC,AA,GG,AA,GG,AA,XT,XX,GG,CC,XA,XG,XT,CC,XT,GG,XX,AA,XX,XA,CC,XT,XC,XA,XX,XA,XX,XX,XA,XX,XG,TT,XX,XA,,XX,XX,CC,CC,XT,,XA,XA,XT,AA,XT,XX,XA,XT,XA,XA,GG,XC,XG,,XC,XC,XX,XG,XX,XX,AA,XX,XT,XT,XX,XC,TT,XT,XX,,XT,XX,AA,TT,GG,TT,XG,XX,TT,CC,XA,XC,XC,XG,GG,XG,XT,XA,CC,XT,TT,,XG,XC,XT,XC,XX,XX,XA,XX,XC,XT,XX,XX,XC,XA,XC,CC,XX,GG,XX,CC,XX,XX,XA,XX,CC,XX,XC,XX,XT,CC,GG,AA,XA,XT,XX,GG,XA,XX,XA,XG,XX,GG,XX,XG,XG,TT,GG,XC,XX,XX,XC,XX,TT,AA,XG,GG,XG,GG,XX,XX,XA,CC,XX,,XX,XX,XX,1,0,1,0,0,1,0,1
Male,XX,CC,XG,AA,TT,GG,XG,CC,CC,AA,GG,AA,GG,AA,XX,XA,GG,XC,XX,XG,XT,XC,XX,XX,XX,AA,XG,XA,CC,TT,XC,XX,XX,AA,XX,XT,XA,XX,XG,TT,XX,XA,,TT,XX,CC,CC,TT,,XX,XA,TT,XX,TT,XG,XA,XT,AA,XA,XG,XX,GG,,CC,XC,XX,XG,XX,XA,AA,XC,XT,XT,XA,XX,TT,XT,XC,,TT,XX,XA,XT,XG,TT,XG,XC,XT,CC,XA,CC,XC,XG,GG,GG,TT,XA,XC,XX,XX,XX,XG,CC,XT,XC,XT,TT,AA,XA,XC,TT,XX,XA,XX,XX,XX,CC,XG,XG,XX,XC,XX,XX,AA,XT,XC,XC,XC,XC,TT,XX,GG,XA,AA,XT,XX,XG,AA,XG,AA,XX,XX,XG,XX,XG,GG,XX,XG,CC,XG,XX,XX,XX,TT,XX,GG,GG,GG,XG,XG,XX,AA,CC,XX,,XX,XX,XX,0,1,0,1,1,1,1,0
Female,XA,CC,GG,XA,TT,GG,GG,CC,CC,AA,GG,XX,XG,XX,XT,XX,GG,XC,XX,XG,TT,XC,XX,XG,XA,XA,XG,XX,CC,XT,CC,XX,XX,AA,XX,XT,XX,XX,XG,TT,XX,AA,,TT,XX,XC,CC,TT,,XA,XA,XX,XA,TT,XX,XA,XT,XA,AA,XX,XX,GG,,XC,CC,XX,GG,XX,XX,AA,XX,XX,TT,XX,XX,XX,XX,CC,,XX,XX,AA,XT,XG,TT,XG,XX,XT,XC,XA,XC,CC,XG,GG,XG,TT,AA,CC,XT,TT,XA,XG,CC,TT,XC,XX,XT,XA,XX,XC,TT,XG,XX,XC,XX,XX,CC,XX,GG,XX,CC,XX,XX,AA,XT,CC,XC,XX,CC,XT,XC,XG,XA,AA,XT,XA,XX,XA,XG,XX,XX,XX,XX,XX,GG,XX,TT,GG,CC,GG,XX,XC,XC,TT,XA,XG,GG,GG,GG,XG,XX,XA,CC,XX,,XX,XG,XX,0,0,1,0,0,1,0,0
Female,XX,XX,XG,XA,TT,GG,GG,CC,CC,AA,GG,XA,XG,AA,XX,XA,XG,CC,XX,XX,XX,CC,XX,GG,XX,XA,XX,AA,CC,TT,XX,XX,XX,AA,XX,TT,XA,XC,GG,TT,XX,XA,,TT,XC,XX,XC,TT,,,AA,XT,XA,XT,XX,XA,TT,AA,AA,XG,XC,XG,,XC,XC,XX,GG,XX,XA,AA,XX,XT,TT,XA,XX,TT,XX,CC,,TT,XT,AA,TT,GG,XT,XG,XC,XT,XC,XA,XC,CC,XG,XG,GG,TT,XA,CC,XT,XX,AA,XG,XC,XX,CC,XX,XX,XX,XA,XX,TT,XX,XX,CC,XA,XX,CC,XX,GG,XX,CC,XX,XC,AA,XX,CC,XC,CC,XC,XX,XC,GG,XX,AA,TT,XX,GG,AA,XG,XA,XG,AA,GG,XX,GG,XG,XT,GG,XX,XX,CC,XX,XC,XT,AA,XG,XG,XG,GG,XG,TT,XA,CC,XA,,XX,XX,XX,1,1,0,0,1,1,0,0
Female,XX,XC,GG,AA,XX,GG,GG,XC,CC,AA,GG,XX,GG,XA,XT,XA,GG,XC,XX,XG,XT,CC,XX,GG,XA,XA,XG,AA,CC,TT,CC,XA,XX,XA,XX,XX,XX,CC,GG,XT,XX,AA,,TT,XC,CC,CC,XT,,AA,XA,XT,XA,TT,XX,AA,XT,XX,XA,XX,XC,XG,,XC,XC,XX,GG,XX,XA,AA,XC,TT,XT,AA,XC,XT,XT,XX,,XT,XT,AA,TT,GG,XT,XG,XC,XT,CC,XA,CC,XC,XX,XG,GG,TT,AA,XC,TT,TT,XA,XG,XC,XT,XC,XX,TT,XX,XX,CC,XT,XX,XX,XX,AA,XX,CC,XG,GG,XX,CC,XT,XX,AA,XT,CC,XC,CC,CC,XX,XC,GG,XA,AA,XX,XX,GG,AA,XX,XA,XG,XA,GG,XX,XG,XG,TT,XG,XC,GG,XC,XC,XX,XT,XX,XG,XG,GG,XG,XG,XX,XA,CC,XX,,XX,XX,XX,1,0,1,1,1,1,0,0
Female,AA,XC,GG,XA,TT,GG,XG,CC,CC,AA,XG,XA,XG,XA,XX,XX,XG,XC,XX,XG,XX,CC,XX,XX,XA,AA,XG,XX,XC,TT,XC,XA,XX,XA,XT,XX,XX,XX,XX,TT,XX,AA,,TT,XC,CC,CC,TT,,XX,XA,XT,AA,XT,XG,XX,XT,AA,AA,XG,XC,XX,,CC,XX,XX,XX,XX,XX,AA,XC,XX,TT,XX,XX,XT,XT,XC,,XX,TT,AA,XT,GG,XT,XG,XC,TT,XC,AA,XC,XC,XX,GG,GG,TT,AA,XC,XT,XX,XA,XG,XC,XT,CC,XX,XX,XA,XX,XC,XT,XX,XX,XX,XX,XX,CC,XG,GG,XC,CC,XX,XC,XA,XT,CC,CC,XX,CC,XT,CC,GG,XX,AA,XT,XA,XG,AA,XX,XA,XG,XA,GG,AA,GG,XG,XT,XG,XC,XG,XC,XC,XX,TT,XA,XG,GG,XG,GG,GG,XX,XX,CC,XX,,XX,XX,XX,0,0,0,1,1,0,1,0
Female,XX,XC,GG,XA,XX,GG,GG,CC,XC,AA,GG,XX,XG,XX,XX,XA,XG,CC,XA,XX,TT,CC,XX,GG,XX,AA,XG,XA,XC,TT,XX,XA,XX,AA,XX,XX,XA,XX,XG,TT,XX,AA,,TT,XX,CC,XC,XT,,AA,AA,XT,AA,TT,XG,XX,TT,AA,AA,XG,XC,XG,,XC,XX,XX,GG,XT,XX,AA,XC,XT,XT,XA,XX,TT,XT,XC,,XT,XT,XA,XT,XG,TT,XG,XX,XT,XC,XX,CC,XC,XG,XG,XX,TT,XA,CC,XT,XX,XA,XG,CC,TT,CC,XX,XT,XX,XA,XX,TT,XG,XX,XC,XX,XC,CC,XX,GG,CC,XC,XT,XC,XA,XT,CC,CC,XX,XX,XX,CC,GG,XX,AA,TT,AA,XG,AA,XX,AA,XG,AA,XX,XX,GG,XX,TT,XG,XC,XG,XC,XC,XC,XT,XX,XG,GG,XX,GG,XG,XT,XA,CC,XX,,XX,XX,XX,1,0,0,0,0,0,0,0
Female,XX,XX,GG,XA,TT,GG,GG,CC,CC,AA,GG,XX,XG,XX,XX,XX,GG,CC,XA,GG,XT,XC,XT,XX,XX,AA,XX,AA,XC,TT,XC,XX,XX,XA,XT,XT,XX,XX,XG,TT,XA,XA,,TT,XC,XC,CC,XT,,XX,XX,XT,XA,XT,XX,XX,TT,XA,XA,XG,XX,XX,,CC,XC,XX,XG,XX,XX,AA,CC,TT,TT,XX,XX,TT,TT,XX,,XT,XT,AA,TT,XG,TT,XX,XC,XT,CC,AA,XC,XX,XG,GG,GG,XT,AA,CC,XX,TT,XX,GG,XC,XT,CC,XX,XT,XX,XX,XC,TT,XX,XX,XC,XX,XX,CC,XX,GG,XC,CC,XX,XX,AA,TT,CC,XC,CC,CC,XT,XC,GG,XA,XA,XX,XX,GG,AA,XG,XA,GG,XA,XG,XA,GG,XX,TT,XG,XX,XX,XC,XC,XX,XX,XA,XG,XG,GG,GG,XG,XX,XX,CC,XX,,XX,XX,XX,1,0,0,0,1,0,0,0
Female,XX,CC,GG,XA,TT,GG,XG,CC,CC,XA,GG,XA,GG,XA,XT,XX,GG,CC,XX,XG,XT,XX,XT,XG,XX,XA,XG,XX,CC,TT,XC,XX,XX,XA,XX,XX,XA,XC,XG,TT,XX,AA,,TT,XC,XC,CC,XT,,XA,XA,XT,XA,TT,XX,XX,TT,AA,AA,XG,XX,GG,,CC,XX,XX,XG,XT,XA,AA,XX,XX,TT,XA,XC,XT,TT,XX,,XX,XT,XA,XT,GG,TT,XG,XC,XT,CC,XA,CC,XX,XG,GG,XG,TT,XA,CC,XX,XX,XX,GG,XC,XT,CC,XX,XX,XA,XX,CC,TT,XG,XX,XC,XX,XC,CC,XX,GG,XC,CC,XX,XX,XA,XT,CC,XC,CC,XC,TT,CC,GG,XA,AA,XT,AA,XX,XA,XX,XA,GG,XX,GG,XX,GG,GG,TT,XG,XX,GG,CC,XX,XC,XT,XA,GG,GG,XG,GG,XG,XT,XA,CC,XX,,XX,XG,XX,1,0,0,0,1,1,1,0
Male,XX,XC,GG,XA,TT,GG,XG,CC,CC,XA,GG,XX,XG,AA,XT,XX,GG,CC,XA,XX,XT,CC,XX,XG,XA,AA,XX,XA,XX,TT,XX,AA,XC,AA,XX,XX,XA,XX,GG,TT,XX,XA,,XT,CC,XC,CC,TT,,XA,AA,XX,XA,XT,XX,XX,TT,XX,AA,XX,XX,XG,,CC,XX,XX,XG,XX,XX,AA,XC,XX,TT,AA,XX,XT,XT,XC,,XT,XX,XX,TT,GG,TT,XG,XC,XT,XC,XX,XC,XC,XG,GG,GG,TT,AA,CC,XX,TT,,GG,CC,XT,CC,XX,TT,XX,XX,CC,XT,XG,XX,XX,XX,XX,XC,XG,XG,XC,XX,XX,XX,AA,XX,CC,XC,CC,XC,XX,XC,GG,AA,AA,XX,XA,GG,AA,XX,XA,GG,XA,GG,XX,XG,XG,TT,XG,XC,XG,XC,XX,XC,XX,XA,XG,XG,XX,XG,XG,XX,XA,CC,XX,,XX,XX,XX,1,0,0,0,1,1,0,0
Male,XX,XX,GG,XX,TT,GG,GG,CC,CC,XX,GG,AA,GG,AA,XT,XX,GG,CC,XA,GG,XT,CC,XX,XX,XA,AA,XX,XA,CC,XT,CC,XX,XX,XX,XX,XX,XA,XX,GG,TT,XX,XA,,XT,XX,XC,CC,TT,,AA,AA,XX,XX,TT,XX,AA,XT,XX,AA,XG,XC,GG,,XC,XX,XX,XG,XX,XA,AA,CC,TT,XT,XX,XC,XT,XT,XC,,XX,TT,XA,XT,GG,XT,XG,XC,XT,XC,XA,XC,XC,XG,GG,XG,XT,XX,XC,XT,TT,XA,XG,XC,XT,CC,XX,XX,XA,XA,XC,TT,XG,XX,XC,XX,CC,CC,XX,GG,XX,CC,XT,XC,AA,XT,CC,XC,XC,XC,XT,CC,GG,XA,XA,XX,XA,GG,AA,XG,XX,XX,XA,GG,XX,GG,XG,TT,XX,XC,XG,XC,XC,XC,TT,AA,XG,XG,XG,GG,XX,XX,XX,XC,XX,,XX,XG,XX,1,0,0,1,1,1,1,0
Female,XA,XC,GG,XA,TT,GG,XG,CC,CC,AA,GG,XX,GG,AA,XX,XX,XG,CC,XX,XX,XT,XC,XX,XX,XA,XA,XG,AA,CC,TT,XX,XX,XX,AA,XX,XX,XA,XC,GG,TT,XA,AA,,TT,XC,CC,XC,XT,,AA,AA,XX,XX,TT,XX,XA,XT,XX,XA,XG,XC,XG,,XC,XC,XX,XG,XX,XA,XA,XC,XX,TT,XA,XC,XT,TT,XC,,XT,XX,XA,XT,XG,TT,XG,XC,TT,CC,XA,CC,CC,XG,GG,GG,TT,AA,CC,XT,TT,AA,GG,XC,XX,CC,XX,TT,XA,XX,XC,TT,XX,XX,XX,XX,XX,CC,XG,XG,XX,CC,XX,XX,XX,XT,CC,XC,CC,XC,XX,CC,GG,XA,XX,TT,XA,XG,AA,XX,AA,GG,XX,XG,XX,GG,XX,XT,XG,XC,XG,XX,XX,XX,XT,XA,XG,GG,XG,GG,XX,XX,XA,CC,XX,,XX,XX,XG,1,0,0,0,1,0,0,0
Male,XX,CC,GG,XA,TT,GG,XG,CC,CC,XA,XG,XA,XX,XA,XX,XA,GG,CC,XX,XG,TT,XC,XX,XG,XA,AA,XX,XA,XC,XT,CC,XX,XC,XA,XX,XX,XA,CC,XG,TT,XX,XA,,TT,XC,CC,CC,XX,,XX,XX,TT,AA,TT,XX,XX,TT,AA,AA,XG,XC,XG,,XC,XX,XX,GG,XX,XA,AA,CC,XT,TT,XA,XX,XT,TT,XX,,XT,XX,AA,XT,GG,TT,XX,XC,XT,CC,AA,CC,XC,XG,GG,XG,TT,XA,CC,XX,XT,XX,GG,XC,XT,CC,XX,XT,XX,XA,CC,XT,XG,XA,XC,XX,XX,XC,XX,XG,XC,CC,XX,XX,XA,XT,CC,CC,CC,XC,XT,CC,GG,AA,AA,XT,AA,XX,AA,XG,XA,XX,XX,GG,XX,XG,XG,TT,XG,CC,XX,CC,XX,XX,XX,XA,XX,GG,GG,XG,XG,XT,XX,CC,XX,,XX,XX,XX,1,0,1,0,1,1,0,0
Female,XA,XC,GG,XA,TT,GG,XG,CC,CC,AA,GG,XA,XG,XX,XX,XA,GG,XC,XA,GG,XX,CC,XX,GG,XA,AA,XG,XA,XC,XT,XC,XA,XX,AA,XT,XX,XX,XC,GG,TT,XX,AA,,TT,XC,XC,CC,TT,,XX,AA,XT,XA,XT,XX,XX,XT,XA,AA,GG,XX,XG,,XC,XC,XX,XG,XT,XA,AA,CC,XT,TT,XA,XX,XT,TT,XX,,TT,TT,XA,TT,XG,TT,XG,XC,XT,XC,AA,XC,XC,XG,XG,XX,XT,AA,XC,TT,XT,,GG,XX,TT,CC,XX,XT,XX,XA,XC,TT,XG,XX,XC,XX,XX,CC,GG,XG,XX,CC,XT,XC,AA,XX,CC,CC,CC,XC,TT,CC,XG,AA,AA,XX,XA,XX,XA,XG,AA,GG,XA,GG,XX,XX,XG,TT,XG,XC,XG,XX,XX,XX,XX,XA,GG,XG,XG,GG,XX,XX,XA,CC,XX,,XX,XX,XX,1,0,1,0,1,1,0,1
Female,XX,CC,XG,XX,TT,GG,GG,CC,CC,AA,XG,XA,GG,XA,XT,XA,XG,XC,XX,GG,XT,CC,XX,XX,XA,,XX,XA,CC,XT,XX,XA,XX,XX,XX,XX,XX,XC,XG,XT,XX,AA,,XX,XC,XC,CC,TT,,XA,AA,XT,XX,TT,XX,AA,XT,XA,XA,XG,XC,XG,,XC,XX,XX,XG,XX,XX,AA,XX,TT,TT,XX,XX,TT,XT,CC,,XX,TT,XA,XT,XG,TT,GG,XC,TT,CC,AA,CC,CC,XG,GG,XG,XT,AA,CC,XT,XT,XA,GG,CC,XT,CC,XX,XX,XX,XX,XX,XT,XX,XA,XX,XA,XX,CC,XX,GG,XX,CC,XX,XX,XA,XT,XC,CC,XC,CC,TT,XC,GG,AA,XX,XT,XX,GG,AA,XG,XA,XX,XX,GG,AA,XG,GG,TT,XG,XC,GG,XX,XX,XX,XT,XX,XX,GG,XX,XG,XX,XX,XA,CC,XX,,XX,XX,XX,1,1,0,0,1,1,1,0
Female,XX,XC,GG,XA,TT,GG,GG,XC,CC,XA,GG,XA,XG,XA,XT,XA,XG,CC,XX,XG,XT,CC,XT,GG,AA,AA,XX,XX,XC,TT,CC,XX,XX,XX,XX,XT,XA,XC,GG,TT,XX,AA,,TT,XC,CC,CC,XT,,XX,XA,XT,XA,XT,XX,XA,TT,AA,AA,XX,XC,XG,,XC,XX,XT,XG,XX,XX,AA,XX,XX,XX,XX,XX,XT,XT,XC,,XT,XX,AA,TT,GG,TT,XG,XC,XT,XC,XA,CC,CC,XX,XG,GG,XT,AA,CC,XX,TT,XX,GG,CC,XT,CC,XT,TT,XX,XX,XX,XT,XX,XX,XC,XX,XX,CC,XG,XG,XC,CC,XX,XX,AA,XX,CC,CC,XX,XC,TT,XC,XG,XA,AA,TT,XA,XG,AA,XX,XX,XG,XA,GG,AA,GG,XG,XT,XG,CC,XX,XC,XC,XX,XX,XX,XG,XG,XX,XG,GG,XX,AA,XC,XX,,XX,XX,XG,1,0,0,0,1,0,0,0
Male,XA,XC,GG,XA,TT,GG,GG,CC,CC,XA,GG,XA,XG,XA,XX,XX,GG,CC,XX,XX,XT,CC,XX,XX,XX,AA,XX,XA,CC,TT,XC,XA,XX,AA,XT,XX,XX,XC,XG,TT,XA,XA,,TT,XC,CC,CC,TT,,XX,XA,TT,XX,TT,XX,XX,TT,AA,XA,XG,XC,GG,,XC,XX,XX,GG,XX,XX,AA,XC,TT,TT,,XC,XT,XX,CC,,XX,XT,XA,TT,GG,TT,XG,XX,XX,CC,XX,CC,CC,XG,GG,XG,TT,XA,CC,XT,XT,XX,GG,XC,XX,CC,XX,TT,XX,XX,CC,TT,XX,XA,CC,XX,XX,CC,XX,GG,XX,XX,XX,XX,AA,XX,XC,CC,XC,XC,XT,CC,GG,XA,AA,XT,XA,XG,AA,XX,XA,XG,XA,GG,XA,XG,XX,TT,GG,XC,XX,XX,XX,XC,XT,XA,GG,GG,XG,GG,XG,XX,XA,CC,XA,,XX,XX,XX,1,0,1,0,0,0,0,0
Female,XX,XX,GG,XA,TT,GG,XG,CC,CC,AA,GG,XX,XG,XA,XX,XX,GG,CC,XA,GG,XT,XC,XT,XG,XA,AA,XG,XX,XC,TT,XC,XX,XC,AA,XX,TT,XX,XC,XX,TT,XX,XX,,TT,XX,XC,XC,TT,,XA,XA,XX,XA,XT,XX,XA,TT,XA,XA,XG,CC,GG,,XX,XX,XX,GG,XX,XX,AA,XC,TT,XT,XA,XX,XT,TT,CC,,XX,XX,AA,XT,GG,TT,GG,CC,TT,CC,XA,CC,CC,XG,XG,GG,XT,XA,CC,TT,XT,AA,GG,XC,XX,XC,XX,XT,XA,XA,CC,TT,XG,XX,XC,XX,XX,CC,XG,GG,XX,CC,XX,XX,AA,TT,CC,CC,XC,XX,TT,CC,GG,XA,AA,XX,AA,XX,AA,XX,XA,XG,XX,GG,XX,XG,GG,XT,XG,CC,GG,XC,CC,XC,TT,XA,GG,GG,GG,GG,XG,XX,XA,CC,XA,,XX,XG,XG,1,0,0,0,1,1,0,1
Male,XX,XC,XG,XA,TT,GG,XG,CC,CC,AA,XG,XX,XG,XX,XX,XX,GG,CC,XA,GG,XT,CC,XX,XG,XX,AA,XX,XA,XC,XT,XC,XX,XC,XA,XT,XT,XA,XC,GG,TT,XX,AA,,TT,XC,CC,CC,TT,,XA,AA,XT,XX,TT,XX,XA,,XA,XA,XX,XX,XG,,XC,XX,XX,XG,XX,XA,AA,CC,XX,TT,XX,XX,TT,TT,XX,,XX,XX,XX,XT,GG,TT,XX,XC,TT,CC,XA,CC,XX,XX,XG,XG,TT,AA,CC,XT,XT,XX,GG,CC,XT,CC,XX,TT,XA,XX,XC,XT,XX,XX,XX,XX,XC,XC,XG,GG,CC,CC,XX,XC,AA,XT,CC,CC,XC,CC,XX,XC,GG,XA,XA,XX,AA,XX,AA,XG,XA,XX,XX,XG,XX,XX,GG,XT,XG,XC,XX,XC,XX,XX,XT,XX,XX,GG,XX,GG,XG,XT,XA,XC,XX,,XX,XX,XX,1,0,0,0,1,1,0,0
Female,XA,XC,GG,XA,XT,GG,XG,CC,XC,AA,GG,AA,XG,,XT,XX,XG,CC,XA,XX,XT,XC,XT,XX,XX,AA,XG,XX,XC,XT,XC,XA,XX,XA,XX,XX,XX,CC,XG,TT,XX,XA,,XT,CC,CC,XC,XT,,XA,XA,XT,XA,TT,XX,XA,TT,AA,AA,XG,XC,GG,,XC,XC,XX,XG,XT,XX,AA,XC,XT,XT,AA,XX,XT,XT,XC,,TT,XX,XA,TT,GG,TT,XG,XC,XT,CC,AA,CC,XC,XX,GG,XG,TT,AA,CC,XT,XT,XX,XG,CC,XT,CC,XX,XT,XA,XA,CC,TT,XG,XX,XC,XA,XX,CC,XX,GG,XC,XC,XX,XC,AA,XX,CC,XC,XC,XC,XX,CC,GG,XX,AA,XX,AA,XG,AA,XG,AA,XG,XX,GG,XA,GG,GG,XX,XG,XX,XG,XC,XX,XC,XX,XA,GG,XG,XG,XG,XG,XX,XX,CC,XX,,XX,XG,XX,1,0,0,0,0,0,0,0
Female,XX,XC,GG,AA,TT,GG,XG,CC,XC,AA,GG,XA,XX,XA,XX,XX,GG,CC,XX,GG,TT,CC,XX,XG,XX,XX,XX,XX,XC,TT,XC,AA,XX,AA,XX,XX,XX,XX,XG,TT,XX,XA,,TT,XC,XX,CC,TT,,AA,AA,XT,XA,XT,XG,XX,XT,XA,AA,XX,XX,,,XC,XX,XX,GG,XX,XX,AA,XX,TT,XT,XX,CC,XT,XT,XC,,XX,XT,XA,XT,GG,XT,XX,XC,TT,CC,XA,CC,XX,XX,XG,XG,TT,AA,XC,XT,XX,XX,GG,CC,TT,CC,XX,XX,XA,XA,XC,XT,GG,XX,XC,XX,XX,XC,XX,GG,XC,XC,XX,XC,XA,XX,CC,CC,CC,XC,TT,XC,GG,XA,XX,XT,XA,GG,AA,XG,AA,XG,XX,GG,XX,GG,XX,XT,XX,XC,XX,XC,XC,XX,XT,XX,GG,XX,GG,XG,XX,XT,AA,CC,XX,,XX,XX,XX,1,0,0,0,0,1,0,0
Female,XX,XC,GG,AA,TT,GG,GG,XC,CC,AA,GG,XA,XG,XX,TT,XX,GG,XC,XX,XX,XX,XC,XT,XX,XA,XA,XG,XX,XC,TT,CC,XA,XX,XA,XX,XX,XA,XX,GG,TT,XX,XX,,XT,XX,XC,CC,TT,,XA,XA,XX,AA,TT,XX,XX,TT,AA,AA,XG,XC,GG,,XC,XX,XX,GG,XX,XA,AA,CC,TT,TT,AA,XX,TT,TT,XC,,TT,XT,XA,XT,XG,TT,XG,XC,TT,XC,XA,CC,XX,GG,GG,XG,TT,AA,XC,XX,TT,XA,XG,XC,XX,CC,XX,XX,XA,XA,CC,XT,GG,XX,XC,XA,XX,CC,XX,XG,XX,CC,TT,XC,AA,XX,CC,XC,CC,XC,XX,CC,GG,AA,AA,XX,XX,XG,AA,XX,AA,GG,XA,GG,XA,XG,XG,XX,XG,XC,XG,XC,XC,XX,TT,AA,XG,GG,GG,XG,XG,XX,AA,CC,XX,,XX,XX,XX,1,0,0,1,0,1,0,1
Female,XX,XX,XG,XA,XT,GG,XX,CC,CC,XA,GG,XA,XG,XA,XT,XA,XG,CC,XX,XG,XT,XC,XX,XG,XA,XA,XG,AA,XC,XT,XC,XA,XX,AA,XT,XX,XA,XC,XG,TT,XX,XX,,TT,CC,CC,XC,TT,,XA,AA,XT,XX,TT,XG,XA,TT,XA,XA,XX,XX,XX,,CC,XX,XX,XG,XX,XX,AA,XC,TT,XX,XA,XX,XT,XT,XX,,XX,XX,AA,XT,GG,TT,XX,XC,TT,XC,XA,XC,XC,GG,GG,GG,TT,AA,XC,XX,XT,XA,XG,XC,XT,CC,XX,TT,XA,XX,XX,XT,XG,XX,XC,XA,XX,CC,XX,GG,XC,CC,XX,XX,AA,XX,CC,CC,CC,XX,XT,CC,GG,AA,XA,XT,XA,XG,AA,XG,AA,XG,XX,XG,XA,GG,GG,TT,GG,CC,GG,CC,XX,XX,XT,XA,GG,GG,XG,GG,XX,XT,XX,XC,XX,,XX,XX,XX,1,0,0,0,0,0,1,0
Female,XX,CC,GG,AA,TT,GG,GG,CC,XC,AA,GG,XA,XG,AA,TT,XX,XG,XC,XA,XG,XX,CC,XX,XX,XX,XA,XX,XX,XC,TT,XC,XA,XX,XX,XX,XX,AA,CC,XG,XT,XX,XX,,TT,XX,CC,XC,TT,,XA,AA,XT,XX,XT,XX,XA,TT,AA,XA,GG,XX,GG,,CC,XX,XT,GG,XX,XA,AA,XX,XX,XT,XA,XX,XT,TT,XC,,XX,XT,XX,XT,XG,XT,XG,CC,XT,XC,AA,CC,XX,XG,GG,XG,TT,XX,CC,XX,XX,XA,XG,XC,XT,CC,XX,XT,XA,XX,XC,TT,XG,XX,XX,XX,XC,CC,XG,GG,XC,CC,XX,CC,XA,XX,CC,XX,CC,XC,XX,CC,GG,XA,XX,XT,AA,XG,AA,XG,XA,GG,XA,GG,AA,GG,GG,XT,XG,XC,GG,XC,CC,XX,TT,XX,XG,GG,GG,GG,GG,XT,AA,XC,XA,,XX,XX,XX,1,0,0,0,1,1,0,0
Male,XX,CC,GG,XX,TT,GG,XG,CC,CC,AA,GG,XA,XG,XA,XT,XA,XG,CC,XX,XX,XT,CC,XT,GG,XX,XA,XG,XA,CC,TT,CC,XA,XC,AA,XT,XT,XA,XX,GG,TT,XX,XA,,TT,XC,CC,CC,TT,,XA,XX,XX,XA,XT,XX,XA,XT,XA,AA,XX,XX,GG,,CC,CC,XX,XG,XX,XA,AA,XX,TT,XT,XX,XX,XT,XT,XX,,XX,XT,XX,XT,GG,TT,XX,CC,XT,CC,XA,CC,XC,XX,GG,XG,XT,AA,CC,XT,XX,XX,GG,CC,XX,XC,XX,XX,XA,XX,XC,TT,XX,XX,XC,XA,XX,CC,XX,GG,XX,XC,XX,XC,AA,XX,CC,CC,XC,XC,XT,CC,GG,XX,AA,TT,AA,GG,AA,XG,AA,XX,XX,GG,XA,XG,GG,XT,XG,CC,XG,XC,XX,XC,XT,XA,GG,GG,GG,XG,XG,XX,XX,CC,XX,,XX,XX,XX,1,0,1,1,1,1,0,0
Female,XX,CC,GG,AA,XT,GG,GG,CC,CC,AA,GG,XX,XG,XX,XX,XA,GG,CC,XX,XX,XT,XC,XT,XX,XX,AA,XX,XA,CC,TT,XC,AA,CC,XA,XX,XX,XX,CC,GG,TT,XX,AA,,TT,XC,CC,CC,TT,,XA,AA,XT,AA,XT,XG,XX,TT,XA,AA,XG,CC,GG,,CC,XX,XX,GG,XX,XX,AA,XX,XT,TT,XA,XX,XT,XT,XX,,TT,XT,XA,TT,XX,XT,XG,XC,XT,CC,XX,XC,CC,XX,GG,XG,TT,XA,CC,XT,TT,AA,XG,XX,XT,CC,XX,TT,XA,XA,CC,TT,XX,XX,XC,AA,XC,CC,XX,GG,XX,CC,XX,XC,AA,XX,CC,CC,XC,CC,XT,XX,GG,XA,AA,XX,XA,GG,AA,XX,XA,XX,XX,GG,XX,GG,GG,TT,XG,XC,GG,XC,XX,XX,XT,XX,XG,GG,XG,XG,XX,XX,XX,XC,XX,,XX,XX,XX,0,0,1,0,1,0,0,0
Male,XX,XX,GG,XA,XT,GG,GG,CC,XC,AA,GG,XX,XG,AA,XX,XX,GG,XC,AA,XX,XX,CC,XX,XX,XX,AA,XX,XA,XC,TT,CC,XA,XC,AA,XT,XX,AA,CC,XX,TT,XX,XA,,TT,CC,XC,XC,XT,,AA,XA,XT,XX,XT,XX,XX,XT,AA,AA,XX,XC,XG,,XC,XC,XX,XG,XX,XX,AA,XC,TT,XT,XX,XX,TT,TT,XC,,XT,XX,XA,XT,GG,XT,XX,XC,XX,CC,XX,CC,CC,XG,GG,XG,XX,XA,XC,XT,XT,,XG,XC,XT,CC,XX,XX,XX,XA,CC,XT,XG,XA,XX,XA,XX,XC,XG,GG,XX,XX,XX,XC,,XX,CC,CC,CC,XC,XT,XC,GG,XA,XA,TT,XX,GG,XA,XG,XA,XG,XA,XG,XX,XX,XG,XX,GG,XC,XG,XC,XC,XX,XT,XX,XX,XG,GG,XG,XX,XX,XX,CC,XX,,XX,XX,XX,1,1,0,0,1,0,0,0
Male,XX,XC,GG,XX,TT,GG,GG,CC,CC,AA,GG,XA,GG,AA,XX,XX,GG,CC,AA,XX,XT,XC,XX,XX,XA,XA,XG,XA,XX,TT,XX,XX,XX,XA,XX,XX,XX,XC,XX,TT,XX,XA,,XT,XC,XC,XC,XX,,XA,AA,XT,XX,XT,XG,XA,,XA,XA,XG,XC,XG,,XC,XC,XX,XX,XT,XX,AA,CC,XT,XX,XX,XX,TT,TT,XC,,TT,XX,AA,TT,GG,XT,XX,XX,TT,XC,AA,XC,XX,XX,XG,XG,TT,XA,CC,TT,XT,XX,GG,XX,XX,CC,XX,XT,XX,XA,XC,TT,XX,XX,XC,XA,XC,XC,XX,GG,XX,CC,XX,XX,XA,XT,CC,CC,XC,XC,TT,XC,GG,XX,AA,XX,XA,XX,AA,XX,AA,GG,XA,GG,,XG,XG,XX,GG,XC,XG,XC,XX,XX,XX,XA,GG,GG,GG,XG,XG,XX,AA,CC,XX,,XX,XX,XX,1,0,1,0,1,0,1,0
Male,XX,XX,GG,XX,TT,GG,XG,XC,CC,XA,XG,XX,GG,XX,XX,XA,XG,XC,XX,XG,XX,CC,XT,XG,AA,AA,XG,XA,XX,TT,XC,XX,XC,XA,XX,XX,XX,XX,XX,TT,XX,AA,,TT,XC,XC,CC,XT,,XA,XA,XT,XX,XX,XX,XX,XT,XA,AA,XX,XX,XG,,XC,XX,XX,XG,XX,XX,AA,XC,XT,XT,XX,XX,XX,TT,XC,,XT,XT,XA,XT,GG,TT,GG,XC,TT,XC,XA,CC,XX,XG,GG,XG,TT,XA,XC,XT,TT,XX,GG,XC,XX,CC,XX,TT,XA,XA,CC,TT,XG,XX,XC,XX,XX,CC,XX,GG,XX,XC,XT,XX,AA,TT,CC,CC,CC,XC,TT,CC,GG,XA,AA,XX,XX,GG,AA,XG,XA,XG,XX,XG,XX,XG,XX,XT,XG,XC,XG,XC,XC,XC,XT,XA,XG,GG,GG,XG,XX,XT,XX,XC,XA,,XX,XX,XX,1,0,0,0,1,1,0,0
Male,XX,XX,GG,XA,TT,GG,XG,CC,CC,AA,GG,XX,XG,,XX,XX,GG,XC,XX,GG,TT,CC,XX,XX,XA,AA,XG,XX,CC,XT,XX,XX,XX,XA,XT,XT,XA,XX,GG,XT,XX,XA,,XT,CC,XC,CC,XX,,XA,AA,XT,XX,TT,XX,XA,XT,AA,AA,XG,XX,GG,,CC,XC,XX,XG,XX,XX,AA,XX,XT,XT,XX,XC,XT,TT,XC,,TT,XT,XA,XT,XX,TT,XG,XC,XT,CC,XX,CC,CC,XG,GG,GG,XT,XA,CC,XX,TT,XX,GG,XC,XX,XC,XT,XT,XX,XA,XX,XT,XX,XX,XC,XA,XX,CC,XX,XG,XC,XC,XX,XX,XA,XT,XC,CC,CC,XX,XT,XX,GG,XX,AA,XT,AA,GG,AA,XG,XA,XX,XA,GG,XX,GG,XG,XT,XG,CC,XX,XX,XC,XX,XT,XA,XG,GG,GG,GG,XG,XX,XA,CC,XX,,XX,XG,XX,0,0,0,0,1,0,0,0
Male,AA,CC,GG,XA,TT,GG,XG,CC,CC,AA,XG,XX,XG,XX,XT,XA,XG,CC,XX,XX,XX,CC,XT,XG,XA,AA,XG,AA,CC,XT,XC,AA,XX,XA,XT,XX,XX,XC,GG,TT,XX,AA,,XT,XC,CC,CC,XT,,XA,XA,XX,XX,XT,XX,XA,TT,XX,XA,XX,CC,GG,,CC,CC,XT,XG,XT,XX,AA,CC,XT,XT,XA,XC,XT,TT,XC,,XT,XT,AA,TT,GG,TT,XG,XC,XT,CC,XA,XC,CC,XG,GG,XG,XT,XA,CC,XX,XX,XX,GG,CC,XX,XC,XT,XT,XA,XA,XX,TT,XX,XX,XC,XA,XX,CC,XX,GG,XX,XC,XX,XX,AA,XT,CC,XC,XC,XC,XT,CC,GG,AA,XX,XX,AA,GG,XA,XX,XA,XG,XX,XG,XA,XX,GG,TT,XG,XC,XG,CC,XC,XX,XT,XX,GG,GG,XX,XG,XG,XX,AA,CC,XX,,XX,XX,XX,0,0,0,0,1,1,0,0
Female,XX,XX,GG,XA,TT,GG,GG,CC,CC,AA,XG,XA,GG,AA,XT,XX,XG,CC,XA,XX,TT,CC,XX,XG,AA,AA,XX,XA,CC,XT,XC,XA,XX,AA,XX,XX,AA,XX,XG,TT,XX,XX,,TT,XC,XC,CC,XT,,XA,XA,XX,AA,XT,XX,XA,XX,AA,AA,XG,XC,GG,,XC,XC,XX,XG,XX,XX,AA,XX,XT,XX,XX,XX,XT,XT,XC,,XT,XT,XA,TT,XG,TT,XX,XC,TT,CC,XX,CC,XC,XX,XG,GG,XT,XA,CC,XT,XX,XA,GG,XC,XT,CC,XT,TT,XA,XA,CC,TT,XX,XX,XC,XA,XC,CC,XX,XG,XC,CC,XX,XX,XX,XX,CC,CC,CC,XC,XT,XC,GG,XA,XX,XX,XA,XG,AA,XG,XA,XG,XX,GG,XX,GG,XX,XT,XG,XC,XX,XC,XC,XC,TT,AA,GG,GG,GG,GG,XG,XX,XA,CC,XX,,XX,XX,XX,1,0,0,0,1,0,0,0
Female,XX,XX,GG,XA,XT,GG,GG,CC,CC,AA,XG,XA,GG,XX,XT,XA,GG,CC,XA,GG,XT,XC,XX,XX,XX,XA,XX,AA,XC,TT,XC,AA,XX,XA,XX,XT,XX,XX,GG,TT,XX,AA,,XT,XX,XX,CC,XX,,XX,AA,TT,XX,TT,XX,XA,TT,XA,XA,XG,XX,GG,,XC,XC,XX,XG,XT,XX,XA,XX,TT,TT,XA,CC,XX,XX,XC,,XX,XX,XA,TT,GG,XT,GG,XC,TT,CC,XA,XC,CC,XG,GG,XG,XX,XX,XC,XT,XT,XA,XG,XC,XT,CC,XX,XX,XA,XX,XC,TT,XG,XX,XC,XX,XX,CC,XG,GG,XC,CC,XX,XC,AA,XT,XC,CC,XC,CC,XT,CC,GG,XX,AA,XT,XX,XG,AA,XG,XA,XG,AA,GG,XX,XG,XG,TT,GG,CC,XG,XX,XC,XX,XT,XA,XX,XG,XG,GG,XG,TT,XX,XC,XX,,XX,XX,XX,1,0,0,0,1,1,0,0
Male,XX,XX,GG,XA,TT,GG,XG,CC,CC,AA,GG,XA,XX,XA,XX,XA,GG,CC,XA,XX,XT,CC,XX,XX,XA,AA,XX,XA,XC,XT,XX,XX,XX,AA,XX,XT,XX,XX,GG,TT,XA,XA,,XT,CC,CC,CC,TT,,XA,XA,XT,XA,TT,XX,XA,TT,AA,XA,XG,XC,GG,,CC,XC,XX,XX,XX,XX,AA,XX,TT,XT,XX,XX,XT,XT,XX,,XT,XX,XX,TT,GG,XT,GG,XX,TT,CC,XA,CC,CC,XG,XG,XG,TT,AA,XC,XT,XX,XX,GG,XC,XT,CC,XT,XX,XA,XA,CC,TT,XG,XX,XC,XA,XC,XC,XG,XX,XC,CC,XX,XX,AA,XT,CC,XC,XC,XC,XX,CC,GG,XX,AA,TT,AA,GG,AA,XX,XA,GG,XX,GG,XX,XG,GG,XT,GG,XX,XG,XC,XX,XC,TT,XA,GG,GG,XG,XG,XG,XT,XX,CC,XX,,XX,XX,XX,1,0,0,0,0,1,1,0
Male,XA,XC,GG,AA,TT,GG,XG,CC,CC,AA,GG,XA,XG,AA,XT,XX,GG,CC,XX,XG,XT,XC,XX,XX,XX,XA,XX,XA,CC,TT,XC,XX,XC,XA,XX,XT,XA,XC,GG,TT,XX,XX,,TT,XC,XC,XC,XT,,XA,XA,XT,XA,XX,XX,XA,XT,XA,XA,XX,XX,XG,,XC,XX,XX,XX,XT,XA,AA,XC,XT,TT,XA,XX,XX,XT,XC,,XT,TT,XA,TT,GG,TT,XX,XC,XX,CC,AA,CC,XC,XG,GG,GG,XT,XX,CC,XX,TT,XX,GG,XC,TT,CC,XX,XT,XX,XA,CC,TT,XX,XX,XX,XA,XX,CC,XX,GG,XC,CC,XX,XX,XA,XX,CC,CC,XX,CC,XT,XC,GG,AA,AA,XX,XX,XX,AA,XX,AA,GG,XA,GG,XX,XG,XG,XT,XX,XX,XG,CC,XC,CC,XT,XX,XG,GG,GG,GG,XG,XT,XA,XC,XX,,XX,XX,XX,0,0,0,1,1,1,0,0
Female,XX,CC,GG,XX,TT,GG,GG,CC,CC,AA,GG,XA,GG,XX,XT,XA,GG,CC,XA,XG,XT,CC,XT,GG,XX,XA,XX,AA,XX,TT,XX,XX,XX,XA,XT,XX,XX,XC,XG,TT,XX,AA,,XX,XX,CC,CC,XT,,XA,XA,TT,XA,TT,XX,XA,TT,AA,XA,XG,XC,GG,,CC,CC,XX,XX,XX,XX,AA,XX,XT,XT,XX,CC,XT,TT,CC,,TT,TT,XA,TT,XG,TT,XG,XC,TT,CC,XA,CC,XC,XG,GG,XX,XT,XA,CC,XX,TT,XX,GG,XX,XT,CC,XX,TT,XX,XA,CC,XT,XX,XX,XC,XX,XX,CC,XG,GG,XX,XC,XX,XC,AA,XX,CC,CC,XC,CC,XX,CC,GG,XX,AA,TT,XX,GG,AA,XX,AA,XG,XA,GG,XX,GG,XG,TT,GG,XC,XX,XC,XX,XC,XT,AA,GG,GG,XX,GG,XG,XX,AA,CC,XX,,XX,XX,XG,1,0,0,1,1,0,0,0
Male,XX,XC,GG,AA,XX,GG,XX,CC,XC,AA,XG,XA,XG,AA,XT,XA,GG,CC,XA,GG,XT,XC,XX,XG,XX,AA,XX,XA,XX,XT,XC,XA,XX,XA,XX,XX,XA,XX,XX,TT,XA,XA,,XX,XC,CC,CC,XT,,AA,XA,XT,XX,XT,XG,XX,XT,AA,XA,XG,XX,GG,,CC,XC,XX,GG,XT,XX,AA,XC,XT,TT,XX,XC,XT,XT,CC,,TT,XX,XA,XX,GG,TT,GG,XX,TT,CC,XX,CC,CC,XX,XG,XG,XT,XA,XC,TT,XT,XA,GG,XC,XX,CC,XX,TT,XX,XX,CC,XT,XG,XX,XX,XX,XX,CC,XG,GG,XC,CC,XX,XC,XA,XX,CC,CC,XC,XC,TT,CC,GG,AA,AA,XT,AA,XG,AA,XX,XA,GG,XA,XG,XX,GG,XG,XX,GG,CC,XX,XX,XX,XX,TT,AA,GG,GG,GG,XG,XG,XX,XX,CC,XA,,XX,XG,XX,1,0,1,0,1,1,1,0
Female,XX,CC,GG,XA,TT,GG,GG,CC,CC,AA,GG,AA,GG,AA,XX,XA,GG,XC,XX,XG,XX,XC,XX,GG,XA,AA,XX,XX,XC,TT,XX,XX,CC,XA,XX,TT,XX,CC,GG,TT,XX,AA,,TT,CC,XC,CC,TT,,XA,XA,XX,XA,TT,XX,XA,TT,XX,AA,XG,XC,XG,,CC,XX,XT,XX,XX,XX,AA,CC,XX,TT,XX,XX,XT,TT,XC,,XT,XT,XA,TT,GG,TT,GG,CC,TT,XC,XA,CC,CC,XG,GG,XG,TT,XA,XC,XT,XT,AA,GG,CC,XT,CC,XT,XX,XA,XX,XX,TT,XX,XX,XX,XA,XX,CC,XG,XG,XX,CC,XX,XX,AA,XX,CC,CC,XC,XC,TT,XC,GG,XA,AA,XX,XA,GG,AA,XX,AA,XX,XX,XX,XX,XX,XG,TT,XX,XC,XG,XC,CC,XX,XT,XA,XG,GG,GG,GG,XG,TT,XA,CC,XX,,XX,XX,XX,1,1,0,1,1,0,0,1
Male,XX,XX,GG,XA,TT,GG,XG,CC,CC,AA,GG,XA,GG,XX,XT,XX,GG,CC,XX,GG,XT,XC,XT,GG,XA,AA,XX,AA,XX,XT,CC,XA,XX,XA,XX,XT,XX,XC,XG,TT,XA,AA,,TT,XC,CC,XC,XT,,XX,XA,TT,XX,TT,XG,XA,TT,XA,XA,XG,XC,GG,,XC,XC,XX,XG,XT,XA,AA,XC,TT,XT,XX,XX,XT,TT,XX,,XT,XX,XX,XT,XG,TT,XG,XC,TT,XC,XA,CC,CC,XX,XG,XG,TT,AA,CC,XT,XT,XX,GG,CC,XT,XC,XX,XT,XX,XX,XC,TT,XG,XX,XC,AA,XX,CC,XX,XG,XX,CC,XX,XX,AA,XX,CC,CC,CC,XX,XT,CC,GG,AA,AA,XT,AA,GG,AA,XX,XA,GG,XA,XG,XA,XG,XG,XT,GG,XC,XX,XX,XX,XX,XT,XX,XG,GG,XX,XG,XG,XT,XA,CC,XX,,XX,XX,XX,0,0,0,0,1,1,0,0
Male,XX,CC,XG,XA,TT,GG,XG,XC,CC,AA,GG,XX,XX,,XT,XA,GG,XC,XA,XX,TT,CC,XX,XG,XA,AA,XG,XA,XC,XT,XC,XX,CC,AA,XX,XX,XX,CC,GG,TT,XA,XA,,TT,XC,XX,XC,XT,,XA,XX,XT,XX,XX,XX,XA,TT,AA,AA,XX,XX,GG,,CC,XC,XT,GG,XX,XX,AA,XC,XT,TT,XX,XC,XT,TT,XC,,XT,XT,XX,TT,GG,TT,XG,XX,TT,XC,XA,CC,XC,XG,XG,XG,TT,XA,CC,TT,TT,XA,XG,XC,XT,CC,XX,XX,XX,XX,CC,XX,XX,XX,XX,XX,XX,CC,XX,XG,XX,CC,XX,XC,XA,XT,XC,CC,CC,XC,XX,CC,GG,AA,AA,XT,XA,GG,AA,XG,XA,GG,XA,GG,XX,GG,XX,XX,XG,XC,GG,XX,XC,XX,XT,XA,XG,XG,GG,XG,XG,XX,XX,CC,AA,,XX,XX,XX,1,0,0,0,0,1,0,0
Male,XX,XC,XG,AA,XT,GG,GG,CC,CC,AA,GG,XX,GG,AA,XT,XX,XG,CC,XA,GG,XT,XC,XX,XG,XA,XX,XX,XA,CC,TT,CC,AA,XX,AA,XT,TT,XX,XC,XG,TT,XX,XA,,XT,XC,XC,XC,TT,,,AA,XT,XX,XT,XX,XX,,XA,XA,XG,XC,GG,,CC,XC,XX,XG,XT,XA,AA,CC,TT,XT,XX,XC,TT,XX,XX,,XT,XT,XX,TT,GG,TT,XX,XC,XT,XC,XA,CC,CC,XG,GG,GG,TT,XA,XC,XT,XX,XX,XG,XC,XT,CC,XX,XT,XX,XA,XC,XT,XG,XX,XX,XX,XC,CC,GG,GG,XX,CC,XX,XX,XA,XT,CC,CC,XC,XX,XX,CC,GG,XA,AA,XT,XX,XX,AA,XX,AA,GG,XX,GG,XA,GG,XG,XX,GG,XC,XX,XC,CC,XX,XT,AA,GG,XX,XX,GG,GG,XX,XX,XC,XX,,XX,XX,XX,0,0,1,1,0,1,0,0
Female,XX,XC,GG,XA,TT,GG,GG,CC,CC,XA,XG,AA,GG,AA,XT,XX,GG,CC,XA,XG,TT,XC,XX,XX,AA,AA,XG,XA,XX,XT,XC,XA,XX,XA,XX,XX,XX,XC,XX,TT,XX,AA,,TT,XC,XC,CC,TT,,AA,AA,TT,XA,XT,XX,AA,TT,AA,AA,XG,XC,XG,,CC,XX,XX,XG,XX,XX,AA,XC,XT,TT,AA,XX,XT,TT,XC,,TT,TT,XX,TT,XG,XT,XX,XC,XX,CC,XX,CC,XC,XG,XX,XG,TT,XA,CC,XX,XT,XA,GG,XX,TT,CC,XX,XT,XX,XX,CC,TT,XX,XX,XC,XX,XX,CC,XX,GG,XX,CC,XT,XC,XA,XX,CC,CC,XC,XX,XT,XC,GG,XA,XA,TT,XA,XG,AA,XG,AA,XG,XA,GG,XX,GG,XG,XT,XG,XC,XX,XC,XC,XC,TT,AA,GG,GG,GG,GG,XG,TT,XA,XC,XX,,XX,XX,XG,1,0,0,1,1,1,0,0
Male,XX,XC,GG,XA,TT,GG,GG,CC,CC,XA,GG,XA,XG,XA,XX,XX,GG,CC,AA,XX,XT,CC,XT,XG,XA,XX,XX,XA,XC,,XC,AA,XX,XX,XX,XX,XA,XX,XG,TT,XX,XX,,XT,XC,CC,CC,TT,,,XA,XT,XX,TT,XX,XA,XT,AA,AA,GG,XC,XX,,XC,XX,XX,XG,XT,XX,AA,XX,XX,TT,XA,XC,XT,TT,XX,,XX,TT,XX,TT,GG,TT,XG,XX,XT,CC,XA,XC,CC,XG,GG,GG,TT,AA,CC,TT,XX,XA,GG,XC,TT,CC,XX,XT,AA,XX,CC,TT,XX,XX,XX,XX,XX,CC,XG,GG,XC,CC,XT,XX,AA,XX,XC,XC,CC,XC,XX,XC,GG,XA,AA,TT,AA,XG,AA,XX,AA,XG,XA,XG,XX,GG,XG,TT,XG,XX,XX,CC,XX,XX,TT,XX,GG,XG,XX,GG,GG,XX,XA,XC,XX,,XX,XX,XX,1,1,1,0,1,1,0,0
Male,XX,XC,GG,XA,TT,GG,GG,CC,CC,AA,XG,XX,GG,XX,XX,XX,GG,CC,XX,XG,XT,CC,XX,GG,XA,AA,XX,XA,XC,TT,CC,XA,XX,AA,XX,XX,AA,XC,GG,TT,XX,XA,,XT,XX,XC,CC,TT,,XA,XA,XT,XA,TT,XX,XA,XT,AA,XA,XX,CC,XG,,XC,XX,XX,XG,XX,XX,AA,CC,TT,XT,XX,XX,XX,XT,XX,,XT,XX,XA,XT,XG,TT,GG,XC,TT,XC,XA,CC,CC,XG,XX,XG,TT,XX,CC,XX,XT,XX,XG,XC,XX,CC,XX,XT,XX,XA,XC,XT,XX,XX,XC,XA,XX,CC,XG,GG,XX,CC,XX,XC,XX,XX,CC,CC,CC,XC,XX,XC,XG,XA,AA,TT,XA,GG,AA,XX,XX,XG,XA,GG,XX,XX,XX,TT,XG,XC,XX,CC,XC,XC,XT,XA,XG,GG,GG,XX,GG,XX,AA,XC,XX,,XX,XX,XX,0,0,1,0,1,0,0,0
Female,XX,XX,GG,AA,TT,GG,GG,CC,CC,AA,GG,XX,GG,XX,XT,XA,GG,CC,XX,GG,TT,CC,XX,XG,XX,AA,XX,XA,XX,TT,CC,XX,XC,AA,XX,TT,XA,XC,GG,TT,XA,XA,,TT,XC,XX,CC,TT,,XX,XA,XT,XA,XX,XG,XX,TT,XA,AA,XX,XX,XX,,CC,XC,XT,GG,XX,XA,AA,CC,TT,XT,XA,XC,XT,XT,XC,,XX,TT,XX,XT,XG,TT,GG,CC,TT,XC,XA,CC,CC,XG,GG,XG,XT,XA,CC,XX,TT,XX,GG,XC,TT,CC,XT,XX,XA,XA,XX,TT,XG,XX,XC,XA,XX,XC,XG,GG,XX,XC,XX,XC,XA,XT,CC,XC,CC,XC,XT,CC,GG,XX,AA,XT,XX,XG,XA,XG,XA,GG,XX,GG,AA,XG,XX,XX,XG,CC,XX,XC,XC,XC,XX,XA,GG,XG,XX,XG,XX,XT,AA,XC,XX,,XX,XX,XX,1,1,0,0,0,1,0,1
Male,XA,XX,GG,XA,TT,GG,GG,CC,CC,AA,XG,XX,XG,XA,XX,XA,XG,XC,XA,XX,XT,XX,XX,XX,XA,XA,XX,XA,XC,TT,CC,XX,XX,XX,XT,XX,XA,XX,GG,XT,XX,XX,,XT,XC,CC,CC,TT,,XX,XA,XT,XA,TT,XX,XX,TT,XA,XA,XG,XC,XG,,XC,XC,XX,GG,XX,XX,AA,XX,XX,TT,XX,XX,XT,TT,CC,,XT,XX,XA,XT,XX,TT,XG,XC,XT,XC,XX,CC,XC,XG,XG,XG,XT,AA,CC,TT,XX,XX,GG,CC,XX,CC,XX,TT,AA,XX,CC,TT,XG,XX,XC,XX,XX,CC,XX,GG,XC,CC,XX,XX,XA,XT,XC,CC,XC,XX,TT,CC,GG,AA,XA,TT,AA,GG,AA,XG,AA,GG,XA,GG,XA,GG,XX,XT,XG,XC,XG,XC,XC,XX,XX,AA,GG,GG,XX,XG,XG,XX,AA,CC,XX,,XX,XG,XX,0,1,0,0,0,1,0,0
Female,XX,XC,GG,XA,TT,GG,XG,XC,CC,AA,GG,XX,GG,XA,XX,XX,GG,XC,XX,XX,XT,CC,XT,XX,XA,AA,XX,XX,XX,TT,XC,AA,XX,XA,XX,XX,AA,XC,XX,TT,XX,AA,,XX,XC,XC,CC,TT,,XA,AA,TT,XA,XT,XX,AA,TT,XX,XA,XG,XC,GG,,XC,XX,XT,GG,XX,XX,AA,XC,XT,TT,XX,XX,XT,XT,CC,,XT,XX,XA,TT,GG,TT,XX,XC,XT,CC,XX,CC,XC,XG,XG,XG,XT,XA,CC,XX,TT,XA,GG,XC,XT,CC,XX,XT,XA,XA,CC,TT,XG,XX,XX,XA,XC,XC,XG,GG,XC,CC,XX,XX,AA,XX,CC,CC,XC,CC,XX,XC,GG,XA,AA,XT,AA,GG,AA,XG,XA,XX,XX,XX,AA,XG,XG,XT,XG,XC,XG,XX,XX,XX,XT,XX,GG,XG,GG,XG,XG,XX,XX,CC,XX,,XX,XX,XG,1,0,0,0,1,0,0,1
Female,XX,XX,GG,AA,TT,GG,GG,XC,CC,AA,GG,XX,GG,XA,XX,XA,GG,CC,XX,XG,XX,CC,XX,XX,AA,XA,XG,XX,XC,TT,CC,AA,XC,AA,XX,TT,XX,XX,GG,TT,XX,XA,,XT,XC,XC,CC,TT,,XA,XA,XT,XA,XT,XX,AA,XT,AA,AA,XG,XX,GG,,XC,XX,XX,XX,XX,XX,AA,CC,XT,XT,XA,XX,XT,XT,XX,,XT,XT,AA,TT,GG,XT,XG,XX,XT,CC,XX,CC,XC,XX,GG,XG,TT,XA,CC,XX,TT,XX,GG,CC,XX,XC,XX,XT,AA,XX,XX,TT,XG,XX,XX,XX,XC,CC,XG,GG,XC,CC,XX,XC,XA,XT,CC,CC,CC,XC,XX,XC,GG,XA,XA,TT,XA,XG,AA,XX,AA,GG,XX,XG,AA,GG,GG,TT,XG,XC,GG,CC,CC,XX,XX,AA,XG,XG,GG,GG,XX,XX,AA,XC,XA,,XX,XX,XX,1,0,0,1,1,1,0,0
Male,XX,XC,GG,AA,TT,GG,GG,CC,CC,AA,GG,XX,GG,XX,XT,XX,GG,XC,XX,XX,XX,CC,XX,XG,XX,AA,XG,XA,CC,XX,XC,XX,XX,XA,XX,XT,XX,XC,XG,TT,XX,XA,,TT,XC,XC,CC,TT,,AA,AA,XX,XX,TT,XX,XA,XT,AA,AA,GG,XX,XG,,XC,XX,XX,XG,XX,XX,AA,XC,XT,XT,XX,XX,XX,TT,XC,,XT,XX,XA,TT,XG,TT,XX,XC,XT,XC,XA,CC,CC,XG,GG,GG,XT,AA,XC,TT,XT,XX,GG,XC,XT,CC,XX,XX,XA,XA,XC,TT,XG,XX,CC,AA,XX,CC,XX,GG,XX,CC,XX,XX,XA,XT,XC,CC,CC,XC,XT,XC,XG,AA,AA,XT,AA,XG,XA,XG,AA,XG,XA,XG,XX,XG,GG,TT,GG,XX,XG,XC,CC,XX,XX,XX,XG,XG,XG,GG,XG,XX,XX,CC,XX,,XX,XX,XX,1,1,0,0,1,1,0,0
Female,XX,XX,XG,XA,TT,GG,XX,CC,CC,AA,GG,XA,GG,AA,XX,XX,GG,CC,XX,XX,TT,XC,XX,GG,XA,AA,XX,XX,XC,TT,XX,AA,XC,AA,XX,XX,XA,CC,GG,TT,XX,AA,,TT,XC,XC,CC,XT,,AA,AA,XT,AA,XT,XX,XA,XX,XX,AA,XG,XX,XX,,XC,XX,XT,XX,XX,XX,AA,XX,XT,TT,XA,XC,XT,TT,XX,,XT,XT,AA,TT,XG,XT,XG,CC,TT,XC,XX,CC,XC,GG,GG,XG,XT,AA,CC,TT,XX,AA,GG,CC,XT,CC,XX,XX,XA,XX,XX,TT,XX,XX,XC,XA,XC,CC,XX,XX,XX,XC,XX,XX,XA,XX,CC,CC,XC,XC,XX,CC,GG,AA,XA,TT,XA,XG,XA,XG,XA,XG,XA,GG,XA,GG,XG,XX,XG,XC,XX,XC,XC,XX,XT,XA,XG,GG,XX,XG,XG,XX,XX,CC,XX,,XX,XX,XX,1,0,0,0,1,1,1,0
Female,XX,CC,XG,AA,TT,GG,GG,CC,CC,XA,GG,XA,XG,XA,XX,XX,GG,CC,XX,XX,XT,CC,XT,XG,XA,XA,XX,XX,CC,TT,XC,XX,XC,AA,XX,XX,XA,XX,XG,TT,XX,XA,,TT,CC,XX,CC,TT,,AA,XX,XT,XX,XT,XX,XX,XX,XA,AA,XG,XC,XG,,XC,XC,XX,XG,XT,XA,XA,XC,XT,XT,XX,CC,XT,XT,CC,,XT,TT,AA,TT,GG,TT,XX,XX,TT,CC,XX,XC,CC,XG,GG,XX,XT,AA,CC,XT,TT,XA,XG,XC,XT,XC,XX,XT,XX,XA,XX,TT,XX,XX,XX,AA,XX,CC,XG,GG,XX,CC,XX,XX,XA,XX,CC,CC,XX,XC,XT,CC,GG,AA,XA,XT,XX,XG,AA,XX,XA,XG,XA,GG,XX,XG,GG,TT,GG,XC,XG,CC,XX,XX,XX,AA,XG,XG,XG,GG,XG,XX,XX,CC,XX,,XX,XX,XX,0,1,0,0,0,1,1,0
Male,XX,XC,XX,AA,TT,GG,XG,CC,CC,XA,GG,XA,XG,AA,XX,XX,XG,CC,XX,XG,XT,CC,TT,XG,AA,XA,XG,XX,XC,XT,XC,XA,XC,AA,XT,XT,XA,XC,GG,TT,XX,AA,,XT,XC,CC,CC,TT,,AA,XA,XT,XX,XX,XX,XX,TT,XX,AA,GG,CC,XG,,XC,XC,XX,GG,XX,XA,AA,CC,XT,TT,XA,XC,XT,XT,CC,,XX,XT,XX,TT,GG,TT,XX,XX,XT,XC,XA,CC,CC,XG,GG,GG,XT,AA,CC,TT,XX,XX,GG,XX,XX,CC,XX,TT,XA,XA,CC,TT,XG,XX,XX,AA,XX,CC,XX,GG,XX,CC,XX,XX,XA,XT,XC,CC,CC,XX,XT,XC,GG,XA,AA,XT,XA,XX,XA,XG,AA,XG,XA,GG,XX,GG,XX,XT,XG,XX,XG,XC,XX,CC,XT,XX,XG,XG,GG,XG,XX,XX,AA,XC,XX,,XX,XX,XX,1,0,0,0,0,1,1,0
Male,XX,CC,GG,AA,TT,GG,XG,CC,CC,AA,GG,XX,GG,XX,XX,XX,GG,CC,XA,XG,XT,CC,XX,XG,XA,AA,XX,AA,XX,TT,CC,AA,XX,XA,XX,XX,AA,XC,XG,TT,XX,AA,,TT,XC,XX,CC,TT,,XA,XA,XX,XA,TT,XX,XX,TT,XA,XA,XG,XC,XG,,CC,XX,XX,GG,XT,XA,AA,XC,TT,TT,XA,XX,TT,TT,XC,,TT,TT,XA,TT,XG,TT,GG,XX,XT,XC,XX,CC,XC,XG,XX,XG,TT,AA,CC,TT,XX,XX,GG,XC,XX,CC,XT,XT,XA,XX,XX,XT,XX,XX,XX,AA,CC,CC,XG,GG,XC,CC,XX,XC,AA,XX,CC,XC,CC,XX,XT,CC,GG,AA,AA,TT,XA,XG,AA,XX,AA,GG,XA,GG,XX,GG,XX,XT,GG,XC,GG,XC,CC,CC,XX,XA,GG,GG,XG,GG,XX,XT,AA,CC,XX,,XX,XG,XX,1,0,1,0,0,1,0,0
Female,XX,CC,XG,XA,TT,GG,GG,CC,CC,AA,GG,XX,GG,XA,XT,XX,GG,CC,XX,GG,XX,XC,XX,XG,XX,XX,XX,XX,XX,TT,XC,XA,XX,XA,XX,XX,XX,CC,GG,TT,XX,XA,,XT,XX,XC,CC,TT,,XX,AA,XT,XX,XT,XX,XA,TT,XA,XX,XG,XX,XX,,CC,XX,XX,XG,XX,XX,AA,XC,XT,XX,XX,XC,XT,TT,XX,,TT,XT,XA,TT,GG,TT,XX,XC,TT,CC,XX,CC,CC,XG,GG,GG,TT,XA,XX,XX,XT,,GG,XC,XX,XC,XX,XT,AA,XA,XC,TT,XX,XX,XX,XX,XX,CC,XX,GG,XC,CC,XX,XX,AA,XX,CC,XC,CC,XC,TT,CC,XG,AA,XX,TT,XA,GG,AA,XX,XA,XX,XX,GG,XA,GG,GG,TT,XG,XC,GG,XX,XX,XX,XT,AA,GG,GG,XX,XG,XG,XT,XA,XC,XX,,XX,XX,XG,0,0,0,0,1,1,1,1
Female,XX,CC,GG,XX,TT,GG,GG,CC,CC,AA,GG,XX,GG,XX,XT,XA,GG,CC,XA,GG,XT,XC,XX,GG,AA,AA,XG,XX,XC,TT,XC,XX,XX,XX,XX,XX,XX,XX,GG,TT,XX,AA,,XT,XC,CC,CC,TT,,XA,AA,XT,XX,XT,XX,XA,TT,AA,AA,XG,XX,XG,,XC,XC,XX,XX,XT,XX,AA,XX,XT,XT,XX,XX,XT,XX,XC,,XT,XX,AA,TT,XG,TT,GG,CC,XT,CC,XA,XC,XC,XG,GG,XG,TT,XA,CC,XX,TT,AA,GG,XC,XX,XC,XX,TT,XX,XX,CC,XT,XG,XX,XC,XX,XX,XC,XG,XG,XX,CC,XX,XC,AA,XT,CC,CC,CC,XC,XT,CC,GG,AA,AA,XX,XA,XG,AA,XX,AA,XX,XX,XX,XX,XX,GG,TT,GG,XX,XG,XX,XX,XX,XT,XA,XG,GG,XX,XG,XG,XX,XA,CC,XX,,XX,XX,XX,1,1,1,0,1,1,0,0
Female,XX,XX,GG,XA,XT,GG,GG,CC,CC,AA,XG,XA,XG,XA,XX,XX,GG,CC,XA,XX,XT,XC,XX,XX,XA,AA,XX,XX,XX,,XC,XA,XC,XA,XX,XX,AA,XX,GG,TT,XX,XA,,TT,XC,XC,CC,XT,,XX,AA,XT,XA,XT,XX,AA,,XA,XX,XX,XC,XX,,XC,XX,XX,GG,XX,XX,XA,CC,XX,XX,XX,XC,TT,XT,XC,,XX,XT,AA,TT,XX,TT,GG,XC,TT,XC,XX,CC,XC,GG,GG,XX,TT,AA,CC,XX,XT,XX,XG,XC,XT,XC,XX,TT,XA,XA,XX,TT,XG,XX,XC,XX,XX,CC,XX,GG,XX,XC,XX,CC,XA,XX,CC,XC,CC,XX,XT,XC,GG,XA,AA,TT,AA,XX,AA,XG,XA,XG,XA,XG,XA,XG,XG,XT,XX,CC,XG,XC,CC,XC,TT,AA,GG,GG,XX,XG,XG,XX,XX,CC,XX,,XX,XX,XX,1,0,0,0,1,0,0,1
